f1,f2,f3,f4,f5,f6,f7,f8,f9,f10,f11,clase
0.0,0.3681505684475471,0.32283894941165225,0.5083933058998331,0.8801618993744038,0.494947536687144,0.777637675810883,0.4260284291385831,0.6142951184218713,0.2414876887661735,0.30654814870320235,0
0.0,0.4412183995034055,0.3377211759473625,0.5016780089719367,0.7597434992892375,0.47044024572719084,0.8748411038668145,0.4352979444257078,0.6078891384234367,0.3293952831787591,0.421946367187134,1
0.0,0.7238879771430514,0.4136612646463471,0.25489512698694156,0.4054688005544156,0.358767646539466,0.756036002788371,0.3552084421153909,0.6638566935802722,0.2640720502704246,0.5773445856710657,2
0.0,0.6847779780784177,0.588246345427264,0.2767196381875954,0.6570682770324571,0.27134973373358495,0.5975230655677206,0.35965787793240755,0.5151717674070417,0.5135512605150188,0.3132733250283337,3
0.0,0.611944201154752,0.6128598980003241,0.45914874623197,0.6716116669415088,0.12481156888075173,0.5034948948210113,0.7159801341849863,0.38536630400533056,0.6414179640821336,0.4545127057126532,4
0.0,0.552459587928674,0.6082807194011364,0.4846103362743839,0.6026762659608443,0.1361797042723446,0.5324023045064995,0.6503517262749543,0.35299973307162313,0.6278669181046043,0.4654861703024455,5
0.0,0.4049185381076691,0.7246707039806475,0.5747054811970463,0.6675395511655042,0.0333497523211182,0.5473323902078978,0.6892838616788702,0.5876598609965461,0.676164455857839,0.4651323023894045,6
0.0,0.29742519196265327,0.682884712102382,0.7305532966058687,0.8778365267198678,0.0788278701474921,0.4491747447410507,0.40860167191959174,0.7703974423043345,0.7449621234062547,0.4881410226389291,7
0.0,0.31639399324835665,0.6468227973847516,0.4331274801738949,0.5628276447982833,0.3668524800416361,0.7941567228441384,0.38005098276207416,0.7488195945498444,0.4871439911267295,0.44106141640830615,8
0.0,0.3660428057584544,0.5888186907963373,0.3102961228270772,0.8216977725267867,0.5538157417819869,0.7617542133103704,0.3971074387239586,0.672622782035921,0.5660183343738402,0.29876080664649735,9
0.0,0.5103049506381748,0.5748899575624821,0.3766081513774837,0.5770800500142987,0.32668073123356167,0.7010804937056629,0.3566927287076777,0.6648682116400843,0.5389162424187816,0.3033616515084814,10
0.0,0.3648718973478116,0.3142516906425481,0.5279791130378423,0.8586386341671137,0.48130428721456525,0.8214745561159635,0.43900592173854985,0.6169922992166756,0.2682415863760113,0.30690220394706025,0
0.0,0.46229560122788066,0.32627426856589453,0.45523142175236064,0.7591631998296675,0.47397745332205693,0.8691249436175013,0.42343306757698346,0.6891432401893787,0.27623332239192144,0.4789374596067925,1
0.0,0.7203750393278968,0.425109418967617,0.23922786721859768,0.39790632964766637,0.35952564614912785,0.769061385164227,0.33704091118419366,0.6763314808905374,0.231410862891236,0.5851321150585876,2
0.0,0.6807967194156512,0.5834761772150846,0.27448174938498815,0.6480515088829653,0.2945938159276573,0.516836839299627,0.46088194357656576,0.43526605534047424,0.5865186787065106,0.32566338525519134,3
0.0,0.6255274189845323,0.6521653109660043,0.4093445105484458,0.6340898796191732,0.1414864450413108,0.586087054578259,0.6395989515834959,0.4200940872354048,0.6525367985428614,0.3706190346843007,4
0.0,0.5585483966973069,0.6252621690933501,0.4893669709624756,0.5956955556993547,0.11571483006347644,0.5590857834091936,0.6607335149173371,0.34929083351897905,0.6341213295317292,0.4325657765330685,5
0.0,0.3814995195619084,0.6960501103541724,0.5956903316274017,0.7006982380187992,0.04396137510571663,0.45806929921679596,0.6955870293553198,0.5556302821212177,0.6893690237900623,0.5030083455878909,6
0.0,0.2950825248084625,0.6723904667295678,0.731392606814351,0.8781266764496527,0.055836950157529375,0.44091544675441846,0.409714116472842,0.788266791902236,0.7529536448846754,0.49097290259734166,7
0.0,0.3344267905885153,0.6197288737224063,0.3601003585106014,0.5389765437948661,0.3731688956217066,0.7385656292286875,0.5202071838101483,0.6139579055956618,0.6813764296241948,0.3893800286616149,8
0.0,0.36018805112201424,0.5886279090066462,0.3027407004306611,0.8342055220294617,0.5485101162650211,0.7601652519785134,0.4019283741840276,0.6871204047677824,0.5222378834589451,0.3352210035311858,9
0.0,0.530445468150781,0.5577177468629073,0.3693333822489355,0.5919142158755737,0.30773185624401717,0.6737626604338378,0.3615119521878247,0.7400537067922235,0.5208481096029126,0.29663647518334996,10
0.0,0.36206154709568794,0.3073831305670667,0.5165073852368636,0.8836541331724637,0.4883787024042975,0.7963792184360521,0.4367812038300415,0.6281183957805248,0.3102847127021212,0.29699053042720786,0
0.0,0.47915749015739656,0.32093113151474095,0.42417388681337265,0.7137873306851082,0.46210280764691125,0.8710296469430436,0.4901737488422736,0.6797030070585497,0.3742181717544233,0.4442473516105766,1
0.0,0.7274002772085271,0.4405646143423016,0.21880152698204997,0.4299017039512548,0.396412977815779,0.7544490917292002,0.3292548264993948,0.6753199628307254,0.24808900731358305,0.5412384065640717,2
0.0,0.6789230108587512,0.5762256379136204,0.27336280498368454,0.6591043349204593,0.2872669820351491,0.5597211629146678,0.38894985439610763,0.5060685062647889,0.5566368245018977,0.2948661989640605,3
0.0,0.6032790962661881,0.652737864158378,0.3799657998414319,0.6276907212621304,0.18191061255216132,0.6086410792635422,0.5435664650524978,0.47572457005465013,0.5934679770616518,0.3522119086200275,4
0.0,0.544262803887722,0.6496849398767192,0.4636255429122311,0.5610823628625045,0.14401249082240541,0.520648706277935,0.7360024241635694,0.3071482616540328,0.6170956343766292,0.4523889362419564,5
0.0,0.36908721014277085,0.6723904667295678,0.5856176308135683,0.6570682770324571,0.10965157668751568,0.29796756468610336,0.816462056533001,0.5306807075006874,0.6643507344690949,0.5936277549338252,6
0.0,0.2868853156010578,0.6867007635428053,0.7243976756936334,0.8376956684193937,0.028550451212371875,0.44377455201541816,0.4423429130023163,0.7741061411589509,0.7418341668114796,0.5079639950170002,7
0.0,0.3510544128026122,0.5895818179551018,0.3682142340326226,0.5509020525484122,0.3436085837228971,0.800190675359823,0.441230468449066,0.7461224137550401,0.6004172754167928,0.46761012710395916,8
0.0,0.34449707060314105,0.5926347422367606,0.30861668715007506,0.8243174697273636,0.5497733250309018,0.7824025095337681,0.3785684081497092,0.6743084447709133,0.4864490612912154,0.40991092419658487,9
0.0,0.5508201460871931,0.5535200694961117,0.3768879893853143,0.5863878028568268,0.29787823306908057,0.7023516627711487,0.3444572082058621,0.7582600283787012,0.4742878106234675,0.33734533499433317,10
0.0,0.3716632936794755,0.30127728200374915,0.4977608883073367,0.8740541431920228,0.4883787024042975,0.7928855537786528,0.46866837065734895,0.6250840422991164,0.34468365374507376,0.2962824199394921,0
0.0,0.5032792025578013,0.3100557382091451,0.396193958515493,0.6713206822484725,0.44770155856467075,0.892949112231927,0.49202765189969855,0.7043152082944482,0.4207783849188727,0.48884894579582805,1
0.0,0.7330209777127745,0.4434265490109689,0.19837722489559573,0.48225765713486535,0.40651901969349163,0.7245868700537172,0.3563212290646255,0.6837488785997701,0.24426594925330233,0.5338047825557543,2
0.0,0.6843094446475795,0.5951151133260456,0.24370364482381207,0.6497965820779312,0.31606929432429676,0.592440439578464,0.3663328876478937,0.5020226347235687,0.5208481096029126,0.30654814870320235,3
0.0,0.5824359486739058,0.6374734505733844,0.3763283133696531,0.631181285133688,0.24507383897619872,0.6324658629597738,0.46755609730209086,0.4939308916411279,0.5423906770588627,0.3649552747674756,4
0.0,0.5142862199301026,0.6689559788685268,0.4443193699670431,0.5296688097390113,0.20111153449381503,0.4342446795423792,0.7960689517033345,0.28354617359175216,0.5573317114299139,0.5394684862733343,5
0.0,0.3868857407675104,0.6487310309282636,0.5713478999920512,0.6689938484082469,0.09145995780629934,0.3716652314757864,0.7723391980058858,0.5441670128707645,0.6990961535573534,0.5529198130438446,6
0.0,0.26627749764032616,0.6783055335031942,0.7383875379350686,0.8152998666146206,0.12986366044294095,0.2458707508098578,0.6522056293323792,0.5209033016832544,0.8144551069576654,0.6389374596067925,7
0.0,0.37306846880553735,0.5437891175407021,0.3768879893853143,0.5660270152359919,0.3501774180057436,0.7795444294091116,0.4263992439896665,0.8020896678648339,0.6268244804438352,0.45734458567106573,8
0.0,0.3569093800222787,0.5834761772150846,0.2501401228189246,0.8289703024445636,0.5684695954423369,0.7131524992824048,0.4864659427274237,0.5846254874453349,0.6167480836438765,0.3419461798563172,9
0.0,0.590398678582665,0.5582901545789708,0.343032889628058,0.5587555290222789,0.29383581631799555,0.7210932053963178,0.3500177189921917,0.7747804865321589,0.43988895539551065,0.4031853732098198,10
0.0,0.3789232234419775,0.29841555515838214,0.47705572913800515,0.8592210210348117,0.49317911876504433,0.7887563045885104,0.519094739256898,0.6021575037982102,0.3742181717544233,0.26690145462379283,0
0.0,0.5070262795384393,0.31692429828462654,0.36989305826459673,0.6361259375071755,0.43986927387801006,0.8891376553081562,0.500926523533732,0.7093725978954806,0.40826956206462306,0.5246012382566994,1
0.0,0.6922719619731124,0.41518772678717647,0.21376525810113706,0.49476478041510197,0.40500320634950143,0.7223643744618036,0.3422316343073929,0.6925149670554188,0.23766463070589278,0.5529198130438446,2
0.0,0.6819676278262939,0.5956876665184193,0.2215999070603557,0.6724842035389917,0.31985910649727234,0.593393406323041,0.34482699586899246,0.5414696313779325,0.4572620725608697,0.32601744049904924,3
0.0,0.5386421033834746,0.6109518722801125,0.37940612382577077,0.6242003661313856,0.30722646121246483,0.6137237052527987,0.4927692816018654,0.4200940872354048,0.5350940425084583,0.4038932963667187,4
0.0,0.49695602078213613,0.6893721242450819,0.42361421079771155,0.4973825989483638,0.24204202641288491,0.4332917127978022,0.7916195158863177,0.28422051896496014,0.517373460425342,0.5808843887863772,5
0.0,0.4103049718964974,0.6410987202241166,0.5293780992619859,0.6352534009096924,0.0722590358646456,0.4513983884856687,0.7393394154273358,0.5708020495282593,0.7095205301650438,0.5199994754737127,6
0.0,0.23489596176903255,0.7099788435880277,0.7095682994287065,0.7498554469871395,0.009853251424269738,0.44663345224914924,0.5513528921332811,0.7124069513768889,0.7557340507466979,0.4877871547258881,7
0.0,0.3906329452980841,0.5084904131111564,0.35450359835399,0.5660270152359919,0.34310318869134476,0.7623897978431133,0.4293655916003417,0.8263661013003226,0.6080614606999502,0.5316808819534856,8
0.0,0.35761175500208325,0.581568151494873,0.2123670871370309,0.8312977625072276,0.5626585748938188,0.7033050395702629,0.4983309907741402,0.6227238334928883,0.6302991296214058,0.26937984133079806,9
0.0,0.6124125220023638,0.5407362556060336,0.3463897228319688,0.5535198919557552,0.26073829682432,0.6712203223028664,0.36596138800484146,0.775117659218763,0.49305091618234836,0.39893745960679255,10
0.0,0.3763471399052729,0.2879225567253698,0.46194671868025705,0.8821992097072827,0.49873734886011956,0.7824025095337681,0.534296778567381,0.6004717407142041,0.3630993372936955,0.23964482077124089,0
0.0,0.4777523150313347,0.3365760695626151,0.38024543403425315,0.6276907212621304,0.43936397178412445,0.9005720260794687,0.4912861933955239,0.6743084447709133,0.35371782742175284,0.5284950404166237,1
0.0,0.681265040263263,0.40526582678343565,0.23531054273898838,0.49505576510813815,0.4140986812145095,0.7344363800385453,0.3411188473581582,0.7120697786902849,0.23696952924038714,0.5663711210812734,2
0.0,0.6658083264598089,0.5726003682628882,0.26049188714355304,0.7006982380187992,0.33047054340653725,0.5597211629146678,0.3578038036769905,0.5522587559532053,0.4482280276066842,0.3341588377996122,3
0.0,0.48477797807841766,0.6004576269072983,0.37940612382577077,0.6364167134593989,0.34562979209843964,0.6496196744166975,0.43863510688746643,0.44133496300131864,0.4694233189378679,0.3936277549338253,4
0.0,0.502576636253093,0.6956685467747902,0.415500131460681,0.5069811277431152,0.2102082733110903,0.5339906507565507,0.6911377647362952,0.2997304625487446,0.5684505458906417,0.5398224665848654,5
0.0,0.4070263007967619,0.658652723108704,0.4664235153605182,0.5680632818648069,0.10535599773232096,0.5082599335711651,0.7263620940253613,0.5542815913748016,0.6931899364754495,0.5001764656294783,6
0.0,0.22787008613872328,0.708070817867816,0.7059310167719371,0.6995347167282799,0.0,0.43678599253700756,0.6143857672837213,0.713418469436701,0.7414887614536203,0.49097290259734166,7
0.0,0.38993035773505325,0.48311373337933156,0.3525449361141853,0.6020945053155848,0.36003085530534673,0.8116270964038219,0.4226914378748166,0.8853673074954693,0.44892291453470046,0.5992915148506504,8
0.0,0.3142864431424902,0.5979772558180133,0.23531054273898838,0.8315879122370127,0.5485101162650211,0.7471419198753435,0.3870957801406905,0.7265674014221463,0.5083392867486629,0.24035293125895674,9
0.0,0.5960191665036861,0.5323409008724422,0.3606588116362065,0.578243571304818,0.2680653165921617,0.6547020953786855,0.357062516370808,0.7612943818601096,0.5000002145374894,0.34300834558789084,10
0.0,0.2597193051079497,0.28296181454679975,0.8116953128662301,0.48574801226561015,0.7862563778473779,0.7163283716734328,0.8157207692268185,0.44807801533734337,0.2727586732143509,0.35822953644989364,0
0.0,0.8990633583047762,0.2373591477582101,0.4152202934528504,0.24985440328307545,0.41839377689383733,0.6232535777258377,0.8123841203590365,0.713418469436701,0.7390559063243507,0.6099109241965849,1
0.0,0.7950825248084625,0.33047022099929757,0.43088897992625974,0.26352692652114645,0.5588687627208432,0.499047648337229,0.6232846389177548,0.5917057124679637,0.46177911649171144,0.5005305208733362,2
0.0,0.7627634969090398,0.5474143664091043,0.2501401228189246,0.4703320857590755,0.5030325560646475,0.2677896010169354,0.5824985490970163,0.5441670128707645,0.4791523194720662,0.42088438878637724,3
0.0,0.5988295167558099,0.6991030346358312,0.6936197749474666,0.3830721637863913,0.2688233162018235,0.3573703202525937,0.5309597873036145,0.5306807075006874,0.7147337911563357,0.45946854247257934,4
0.0,0.6768154607528847,0.4916997452086338,0.7853929859102684,0.3379879055573066,0.4671558285857676,0.26111883380489614,0.5350384082695478,0.34052635064755227,0.84121007725495,0.602477262722104,5
0.0,0.48477797807841766,0.8754057749938692,0.41717895569265506,0.24810933008810948,0.48938930659206875,0.16169065485709605,0.620689106158163,0.6486847254752028,0.73523284826407,0.5072560718601012,6
0.0,0.29742519196265327,0.8828458491452227,0.8318403883898818,0.21553323884332537,0.25442206711958293,0.29288493869684673,0.6800141751937534,0.6756571355173293,0.5180683473533584,0.8240701366578307,7
0.0,0.24590139539629757,0.8034718960550981,0.7397865241592121,0.4604425722712879,0.2928252121302243,0.46442253659736754,0.6025207192370048,0.5158459120822221,0.7414887614536203,0.8860166911757817,8
0.0,0.16182685521381618,0.6687651970788356,0.6712359953611704,0.5119259471092529,0.40399260216173016,0.6566082338951083,0.6433067576983458,0.5175317755152421,0.601112162344809,0.8669014546237928,9
0.0,0.4971902024642647,0.508108849531774,0.7092886652358853,0.2998833138856476,0.45427057872285065,0.549873703202526,0.5865771529431503,0.4106538541045758,0.5802642672793858,0.5472561093262646,10
0.0,0.21920519383338571,0.2739942391381152,0.8995518107944506,0.5552649651507213,0.7748863837024509,0.6639143806126216,0.8335185124948855,0.4605526019495807,0.2578176388432997,0.3628313179659619,0
0.0,0.8323186027329699,0.2537688755512513,0.4037485656518717,0.26963468270352753,0.4575549958642739,0.6804321974822654,0.8064503979497328,0.7056638990408642,0.6487148131700274,0.5384065453387409,1
0.0,0.8201418355286094,0.3358133580504512,0.429210359509295,0.2620720030559655,0.5424463052630601,0.510483454299422,0.623655282570846,0.6260955603589284,0.46560120913329006,0.48070736116444823,2
0.0,0.7632311800069727,0.5233730552934672,0.31113584066557826,0.39325245322640234,0.4984847442820101,0.3148035838766557,0.5524651654885392,0.5492242017737692,0.5111190489982173,0.4495570562835438,3
0.0,0.5950823122252361,0.7574889126269281,0.6312248670616601,0.35456714461354766,0.28120317103318804,0.4151849345963014,0.519094739256898,0.5869855557629435,0.6441977263316879,0.42407032398864764,4
0.0,0.6487123833981003,0.5130697995336445,0.8038606639070114,0.2652719997161125,0.4901471203263971,0.23570549883134465,0.5698919569471289,0.3769389938205078,0.8203613240395694,0.5854861703024455,5
0.0,0.4836070696677749,0.8299943056415713,0.5047558194280544,0.3534038320638413,0.36230485413433217,0.24174150161971553,0.4708930885658573,0.5964258892427865,0.8863809456383457,0.4700879518185138,6
0.0,0.30655797994915,0.9273034095490649,0.7893103103898778,0.1681219380332023,0.26275950519986246,0.3418048550457212,0.7408225036336774,0.7097097705820845,0.4808896440608515,0.7840693873345633,7
0.0,0.2210780520573804,0.8174002136423527,0.7439834828316427,0.3708558164583781,0.32844933503099477,0.4297974330585969,0.6065993402029382,0.5458526756057569,0.6633082968083259,0.8410610417466724,8
0.0,0.13138281137065155,0.7115053057288571,0.6994955578518713,0.5607915869102811,0.33527095976728416,0.7163283716734328,0.6166104851922297,0.44807801533734337,0.6779017804466242,0.6930968593988553,9
0.0,0.5107733352607545,0.4691850001454763,0.7837155883833598,0.32751663142425946,0.388075353860166,0.5673451018985527,0.7007780948745034,0.38974954893118274,0.4683809263299716,0.6212384440302351,10
0.0,0.17283441467334454,0.3142516906425481,0.9359246373621446,0.6300177638431689,0.7339566352847147,0.6648673473571987,0.8120126207159842,0.3631149136697434,0.23557932630937595,0.37274280415499744,0
0.0,0.7857139820239624,0.25510310113928736,0.41298199702022453,0.29348540797348155,0.49899013931356245,0.7249046623200888,0.7819793569461018,0.6972349832718194,0.5986799508280075,0.4849552747674755,1
0.0,0.7576126053349886,0.31730461492420686,0.43088897992625974,0.28999526158354955,0.5209708268664207,0.562262475909296,0.6169813000433131,0.597100194476389,0.4329396570403696,0.47256577653306847,2
0.0,0.77213203969354,0.5241363902755322,0.32036866058890306,0.3589302450825883,0.48357828604355063,0.34116968056751557,0.5717458600045539,0.5131487312874177,0.5420433408635993,0.43716755804913676,3
0.0,0.5880566491781531,0.7830574132649456,0.5870166170377119,0.37201912900808454,0.29535181553731915,0.40057243613400595,0.5076005060612649,0.6109235119746479,0.6038919245943632,0.4088489457958281,4
0.0,0.6222487478847969,0.4562103836833771,0.8133727103931387,0.3563124265493265,0.3744321043875873,0.2671542215114611,0.623655282570846,0.32569075243697587,0.7744974995655617,0.6205305208733362,5
0.0,0.5051527410481202,0.8353374426927249,0.5523215548639433,0.3379879055573066,0.29686762888130935,0.3557819740025424,0.47015163006168265,0.59069425461756,0.8551078158152747,0.48566319792437446,6
0.0,0.3210778394741541,0.9576414549293608,0.729713782582377,0.17190223415291933,0.2680653165921617,0.36531184647558135,0.8420458844858667,0.7309504456499707,0.4426685031075756,0.742654290344033,7
0.0,0.20796379282489091,0.7874445631346403,0.803581437344209,0.423502545594212,0.26048569224621054,0.39771353590027486,0.6140149524326379,0.5262978639708908,0.5906882148120974,0.8261944681209781,8
0.0,0.12529442776847127,0.7271510750699325,0.7168430685572547,0.5750439921262965,0.3016680452420562,0.7350699142986019,0.5880602753890902,0.46156412000939273,0.6334264426037128,0.6923887489111396,9
0.0,0.5360660198467699,0.5323409008724422,0.6952985991794408,0.26003469272308655,0.42016234351620374,0.6369131094435561,0.7119015132190529,0.3769389938205078,0.4249479210244595,0.5830083455878908,10
0.0,0.17189692264521556,0.29002157205857293,1.0,0.6849915355600411,0.7097017630275375,0.5965700988231436,0.727103552529536,0.3469326316930284,0.12995179342614233,0.4106190346843006,0
0.0,0.776581406620692,0.24079446691245238,0.42445372482120325,0.3184988195707036,0.496716140484577,0.7401525402878584,0.7504635185638543,0.7086982525222725,0.5604588098747316,0.5012384440302351,1
0.0,0.7648723225142643,0.3102448574124337,0.4012304312114152,0.2963931674957156,0.5070749728157325,0.5552739164308854,0.6025207192370048,0.6075519657368328,0.4482280276066842,0.5076101271039591,2
0.0,0.7725997227914728,0.5395914401739065,0.2887508381892259,0.3577667237920691,0.5075801819719514,0.34656989379587494,0.5561729716033891,0.49089653815971956,0.5357889294364745,0.42690220394706024,3
0.0,0.5824359486739058,0.815112079105861,0.5391710028309905,0.34031473939753226,0.2988888372568519,0.4348798540205848,0.5402293025907392,0.5708020495282593,0.595205301650437,0.3716808257542406,4
0.0,0.6618270677970425,0.4798700273079817,0.7719634111295224,0.35107678948280285,0.3625574587124416,0.3116270964038218,0.5472742711673477,0.37221857620805165,0.8036831796172224,0.6258402255463034,5
0.0,0.49625345447742786,0.8181650033875197,0.6099600318766675,0.35805770848510526,0.2958570246935381,0.32274511009964335,0.48572431302525687,0.5596761536624381,0.8780418734271722,0.5621233948090629,6
0.0,0.3030452547172217,0.9101309702438598,0.8102951037520305,0.20826070892554838,0.24684244277363177,0.26620125476688405,0.7942148774479173,0.7653402534013298,0.43120233245158435,0.7529200191077432,7
0.0,0.2292752612647851,0.8221718366176342,0.8156126373458394,0.5072721124361513,0.19024898000910792,0.4351976462869563,0.6192060179518215,0.5141602493472297,0.5899933278840812,0.7670784822457217,8
0.0,0.10585581755257178,0.7574889126269281,0.7249573517092947,0.5654454633315451,0.33855537690870735,0.6146766719973757,0.6459022904579376,0.4136882075859841,0.6733846936082847,0.7030083455878908,9
0.0,0.5306796498329095,0.5720280228938147,0.6085610456525239,0.2931952582436965,0.4244574429130383,0.6928219953253785,0.575082902114124,0.401550592962323,0.5524672883963109,0.39504378857844,10
0.0,0.210070492597852,0.22285723786208017,0.9879687999983695,0.7094242302160676,0.7109657152947519,0.5031773075819085,0.6284755332389462,0.3708698854616356,0.07887470796084267,0.4364596348922379,0
0.0,0.7402806948920502,0.25548549601187087,0.4334073181817255,0.35194932608028584,0.5581107631111814,0.7566715873211138,0.7156093193339028,0.7174643409779213,0.5350940425084583,0.4552206288695521,1
0.0,0.7978928750605861,0.32531828138443575,0.4160598074763422,0.23851142751579646,0.5136439929739125,0.530178578750974,0.6010376310306633,0.6503705889082229,0.44961786582396346,0.5189375158060375,2
0.0,0.7571427964047924,0.5373017885273225,0.27979724482870366,0.3347883263787852,0.5310770546194667,0.36245294624185026,0.5465326414651809,0.46864434503202146,0.5198056719421436,0.4598224103856204,3
0.0,0.5768154607528847,0.8568970318676248,0.4227749005892292,0.3007579378912586,0.33729216814282664,0.5057186205765368,0.5580269260202116,0.5111258958658214,0.5601114736794682,0.3026535410207655,4
0.0,0.6697895851225755,0.5350121576630685,0.7199208790133723,0.3408965000427918,0.4297631576501641,0.30050887768073165,0.4968479025677987,0.44706649727753134,0.8398198743239389,0.5812384440302351,5
0.0,0.4932089438014982,0.7994650628249836,0.6379399601745472,0.3717283530558611,0.310763668807331,0.26747201377783253,0.4849828545210822,0.5222519924296705,0.917999480819276,0.5716808257542406,6
0.0,0.28711915715002423,0.9326465466002185,0.8592596215970536,0.24054665044054746,0.2582118792925585,0.20552753516217664,0.6989241918170784,0.734321971817983,0.4878389209622436,0.8247782471455465,7
0.0,0.24613736277752735,0.8782675018392362,0.7728029251530142,0.47731279602056514,0.21222873818529914,0.4809409726493625,0.7489792319715675,0.47673608811446216,0.6445452770644406,0.648848945795828,8
0.0,0.07751847348236823,0.8277040928720765,0.7126461098848241,0.4889475914441315,0.3921179564865845,0.5457440439578465,0.662587417974762,0.4645984734908011,0.5774847195673208,0.7522119086200274,9
0.0,0.4985953563320039,0.5546649057105686,0.6628420780163093,0.3199537430358846,0.41510928540228076,0.6343717964489278,0.538004755880223,0.4116653721643878,0.57505229351303,0.39504378857844,10
0.0,0.24660504587546023,0.17782816338236584,0.9476766108009727,0.6797558984935175,0.6788780564875139,0.5641684093984501,0.7163509490360698,0.3253535797503718,0.017025695155099885,0.41840656407182253,0
0.0,0.6487123833981003,0.2795264953925575,0.46810233959249226,0.43688241421274443,0.641234583964535,0.7804957559355395,0.7163509490360698,0.6925149670554188,0.5434331147196317,0.39504378857844,1
0.0,0.8288067278339469,0.3056665101064471,0.46278602888873943,0.19488251023351832,0.4456803501891282,0.5276372657563457,0.6366327751708128,0.6658797296998963,0.5020848753215381,0.5561055796483799,2
0.0,0.7400468533430837,0.5308144802962729,0.2367087137030945,0.3458411524162792,0.51162278459837,0.37071226473120933,0.5621055298663458,0.4726902165732418,0.49409335384311737,0.48920300103968595,3
0.0,0.56744776830129,0.85250988199793,0.3763283133696531,0.27166990562827853,0.3908545618453704,0.3742065444704147,0.6740818223683873,0.4635871561290168,0.5830440295289401,0.2909734645897923,4
0.0,0.6374711949728318,0.5813773697051818,0.6454945673109259,0.3184988195707036,0.44820676772088963,0.30305019067535993,0.500926523533732,0.505731333578185,0.8189711211085582,0.4938047825557542,5
0.0,0.502576636253093,0.8420148053319145,0.5668711338840415,0.29843047782859455,0.34562979209843964,0.24650633534260066,0.595105107007305,0.5283206993924872,0.8922871627202497,0.4775216132929947,6
0.0,0.2922721745563388,0.9944656655125546,0.8262436282332704,0.19866280635323535,0.27412894171878927,0.24047033255422978,0.6592504267109955,0.735333489877795,0.5340516048476892,0.877167183387503,7
0.0,0.25175806328177475,0.9265406980369011,0.5819802462492942,0.35165855012806246,0.3638206674783223,0.5883107803337845,0.7519460931762192,0.48887370273812325,0.651147024686829,0.6046012195236177,8
0.0,0.06252923019362078,0.8775047903270723,0.7000552338675324,0.3856899823196531,0.38757014470394713,0.593393406323041,0.6948455708511451,0.5357380971017198,0.3877692177319526,0.7260174404990491,9
0.0,0.5042159718029608,0.563251042233851,0.5976489938672064,0.28854033811836854,0.5469941170456976,0.4806233033993522,0.50574660300384,0.5121372132276056,0.6153583097878439,0.3847782471455466,10
0.0,0.9388759449324411,0.1948094052512792,0.0,0.5980223895395804,0.44466974600135695,0.9498113749128636,0.6885422319767034,0.7845580930476197,0.06393217182736599,0.34477862180718033,0
0.0,0.9681507810307735,0.3405829027927295,0.1345831269706363,0.45142580412179606,0.3898439576575991,0.8840550293188996,0.6028915340880883,0.9099789066372845,0.3127169242189227,0.5851321150585876,1
0.0,0.8063239258169572,0.3930545453034012,0.28511477842251254,0.6759745586697365,0.44972276694021324,0.8020974289580516,0.5064882327060068,0.7987179409987939,0.30507273893576536,0.5734507273118963,2
0.0,0.813583642996233,0.5844302939868407,0.4031890934512199,0.6742294854747706,0.34158718947202116,0.591487472833887,0.5606223903006066,0.7478082771880601,0.38811676846470544,0.5971675580491368,3
0.0,0.6508201460871931,0.6487310309282636,0.6348621497184296,0.7763237820495426,0.24204202641288491,0.391042563660967,0.42417452608115813,0.8830070986892413,0.5218903327261923,0.6743356780907241,4
0.0,0.7227170687324087,0.6155310508793004,0.5797418479091637,0.7867942212193386,0.2885301908010298,0.42598536105302015,0.4423429130023163,0.8570468088010099,0.41660884881328597,0.6460170658374155,5
0.0,0.6098364384656593,0.7021559589174899,0.6712359953611704,0.8240252325894506,0.16422457457783068,0.3128976503875016,0.3744904719757447,0.9588669392145884,0.5566368245018977,0.7794685424725794,6
0.0,0.3274011275414324,0.9500101833417154,0.6519298224159824,0.8167547900798016,0.1576557402949842,0.14453602329109783,0.35446715480920843,0.9120019427569086,0.6459350509204732,0.5596455700945083,7
0.0,0.5060895102932798,0.5483683875821421,0.503916509219572,0.8115174830867755,0.24709504735174123,0.24714191987534348,0.6800141751937534,0.6810516978049658,0.7529536448846754,0.7568127534820115,8
0.0,0.2901654747833776,0.6779237621005116,0.5223831681412683,0.6401980532831798,0.2620015055902007,0.48920018862508724,0.8357423744134329,0.5370867878481359,1.0,0.655220628869552,9
0.0,0.5227171325073766,0.5855749847249874,0.45243344930407364,0.7777787055147235,0.302426044851718,0.6810677820150082,0.4912861933955239,0.869520191225081,0.49826288994870416,0.41911448722872147,10
0.0,0.9163931429154513,0.18679573879105033,0.015108806642738726,0.6404888292354033,0.4671558285857676,0.9761758313855744,0.6755649105747288,0.74443655032202,0.0,0.39575171173533896,0
0.0,0.9833717400362242,0.34153681174118516,0.12478981577161297,0.4557886958500239,0.3772113123727916,0.8862775249108134,0.5850940133774112,0.9126762881301167,0.3064627273292872,0.6113269578411995,1
0.0,0.8688531560105781,0.40469348141436223,0.242863926985311,0.6303085397953923,0.4140986812145095,0.7741440111534835,0.5101960388208567,0.8159137480155984,0.33217504542831344,0.5766366625141668,2
0.0,0.8283369189037508,0.5695475478928795,0.40486771386818465,0.6931357671120499,0.3178378981217298,0.5898991265838358,0.5116791270271982,0.7548885022106888,0.4197359472581037,0.6017693395652051,3
0.0,0.6798598651372012,0.6290782205337734,0.6390591083908601,0.7969745106593495,0.22839803343897253,0.3811951039488253,0.39154521595770725,0.9089673885774725,0.5295345180093496,0.7369912797504752,4
0.0,0.7156911931020994,0.6298413476925379,0.5858974280583971,0.7565455900372184,0.27337094210912743,0.46601084594251047,0.4786795156466405,0.8671599824188528,0.40757467513660683,0.6573445856710657,5
0.0,0.5992978376034217,0.6544551080888985,0.681028898930175,0.8554386375069667,0.21955594382847426,0.28049616599007676,0.3437142089197578,0.9069443524578484,0.591383316277603,0.807787342056705,6
0.0,0.32248301460021594,0.9584041664415247,0.6446550532874342,0.8042470405771266,0.13693807563267318,0.1715381145692378,0.4460507191171662,0.8374907929779775,0.6928423857426967,0.5578754812060357,7
0.0,0.4405158119403746,0.5348213550910473,0.5414095030786257,0.9511337757246959,0.32390152324835736,0.2658836675277813,0.5880602753890902,0.6085634436570393,0.6827662034802273,0.731326395848749,8
0.0,0.2437946956233365,0.6689559788685268,0.5870166170377119,0.7149506432348146,0.28196117064284987,0.44186861852626413,0.7712264110566511,0.5094400324328013,0.9642130014009299,0.6102649794404428,9
0.0,0.5489466501135194,0.5084904131111564,0.46726282556900056,0.8266428423818997,0.31430069052686366,0.6238889572313119,0.41156801953026695,0.8267032739869267,0.6042394753271161,0.4332738870207843,10
0.0,0.8941463082796914,0.18488792089413897,0.05511973112723967,0.6826644929790027,0.47321945371239515,1.0000000000000002,0.7044859009893532,0.7039780356078441,0.016678144422347108,0.3270796062306229,0
0.0,1.0,0.34592603984388315,0.130665802491027,0.4540436226550579,0.36584187585386485,0.8634067330955019,0.5802738483083071,0.9430198229442,0.3255730832684358,0.6339818101776832,1
0.0,0.9084319010892764,0.4048842632040534,0.22999300914517945,0.6448519297044438,0.4204150038569132,0.744283839750687,0.5109376685230236,0.8071472581638941,0.3571924765993234,0.5769905304272078,2
0.0,0.8526925791447351,0.5588625622950343,0.40486771386818465,0.7001164773735395,0.3041946486491511,0.5660743428876042,0.48424122481891535,0.7579228556920972,0.45031279565947757,0.6176986409149235,3
0.0,0.6988295167558098,0.6233541433731384,0.6522096604238129,0.8147174797469225,0.23673640089591913,0.366265018247427,0.36670267531102396,0.8951453154069855,0.5406533524700775,0.7253093300113334,4
0.0,0.7419197115670785,0.6151494872999181,0.5741458846692388,0.7527632065093735,0.27236033792135617,0.4380565465206874,0.482016506910407,0.8530007365617619,0.4468382537506517,0.7030083455878908,5
0.0,0.5929747621193697,0.573363703244953,0.6706763193455092,0.9453161692720999,0.2824665656744022,0.2728722270061919,0.26510865080574336,0.8513148731287419,0.5896459916888177,0.8495564942910931,6
0.0,0.32201469375260405,0.948865076956968,0.6329034874786249,0.8048294274448246,0.10055669662357458,0.20235166277114863,0.5936220188009635,0.7629800445951018,0.7189022545744757,0.5486720305723892,7
0.0,0.4058553923861191,0.5680211273167102,0.5400105168544822,1.0,0.2738763371406798,0.3684885389756839,0.5684088173813898,0.6338499300567374,0.701529008686623,0.5968136901360958,8
0.0,0.2056211256707,0.7082615996575072,0.634582311710599,0.7617808096221165,0.3451243970668873,0.35800569975806795,0.7901369412739527,0.42852300300444957,0.9284238574269662,0.661946367187134,9
0.0,0.5871197948997031,0.48826525734759274,0.4418012355265866,0.8193723998722506,0.3251649178895715,0.592440439578464,0.4219498081726497,0.7565741649456812,0.6650456213971111,0.34867135618144857,10
0.0,0.888525607775444,0.18221739148506372,0.06519226888906549,0.674520261426994,0.48155707766800815,0.9812584573748311,0.7293282704380444,0.7471339318148521,0.028838129318907835,0.34760919044987487,0
0.0,0.9953167915238816,0.34115649510160484,0.14997116017617768,0.4685868038232967,0.3655892712757554,0.8627711485627589,0.5873187141661202,0.9548208669753403,0.32626818473394137,0.6279639950170002,1
0.0,0.9346604195542554,0.4016405571327035,0.22747589377976968,0.6361259375071755,0.4300157994033402,0.7255402468528316,0.5465326414651809,0.8186111295084304,0.398540715997417,0.6159287393572679,2
0.0,0.8688531560105781,0.5504672248107769,0.4152202934528504,0.6989531648238332,0.31430069052686366,0.547014802968795,0.5072296912101815,0.7265674014221463,0.4927033654495956,0.6527428041549974,3
0.0,0.7107732927441093,0.6155310508793004,0.6555673088877612,0.8452583480669557,0.2524008587440404,0.3497465862959775,0.32591646565169086,0.8897505524213214,0.5479502015579714,0.7734514766351637,4
0.0,0.777518898648821,0.5819497150742552,0.5509225686397997,0.7876667578168216,0.2721077333432467,0.44091544675441846,0.45606186410645777,0.8243430651806986,0.46212658140946844,0.7097338965746559,5
0.0,0.6058551798028928,0.5584809571509919,0.6522096604238129,0.9511337757246959,0.27160233831169434,0.2881201049739617,0.2910639784016613,0.8880646889883014,0.6132734344663059,0.8460178151606829,6
0.0,0.33911063681431275,0.8635764727398176,0.6225511117089685,0.8048294274448246,0.11192483201516745,0.18932628039529265,0.6570257088024872,0.7693861249425502,0.7592074126993322,0.6109729025973416,7
0.0,0.38922777017202226,0.6065634754706158,0.5534408049877609,0.9336830437750359,0.23421035511482452,0.5298609915118712,0.5116791270271982,0.7198243490861216,0.7623353692941074,0.38725607186010125,8
0.0,0.19625470871846323,0.7130315600463861,0.6480127017513824,0.7993019707220136,0.3759481036069109,0.3535584532742856,0.7619577517594874,0.39750472142110266,0.9367629296381398,0.7122119086200274,9
0.0,0.6203750393278968,0.5027663359505214,0.4328476421660644,0.7504357464467095,0.2728657329529085,0.644537048427441,0.45272470164469913,0.7916383180702484,0.6681727198419288,0.3221228328166124,10
0.0,0.8962530080526525,0.18183499661248026,0.061835435685154705,0.6352534009096924,0.46437662060056323,0.9882478369623162,0.7415641333358443,0.805461394730874,0.04621137520676055,0.34654889802646976,0
0.0,0.9573770631202114,0.3222674353357801,0.14913144233767656,0.5264692743960606,0.41990968317549426,0.8907245663673271,0.5799030676968221,0.9801068114903635,0.3478109667273808,0.5971675580491368,1
0.0,0.920608668293637,0.3953441346029951,0.23502927802609236,0.6442701690591842,0.4317843846132399,0.7719194652888836,0.5583977066316966,0.8486174916359097,0.41521886041976414,0.6102649794404428,2
0.0,0.8749415396127583,0.5401638478899701,0.4135414692208763,0.7123330334423656,0.3236489186702479,0.5412967974740641,0.5187240956038067,0.7130812967500969,0.4878389209622436,0.6647782471455466,3
0.0,0.7039816838292191,0.5872922286555079,0.6401782566071731,0.8784168261794378,0.2622542960436436,0.359911633247222,0.3396362727457932,0.856372463427802,0.5927730901336354,0.7384056274177382,4
0.0,0.7932096665844677,0.5640142525219357,0.5086729400926543,0.7940667511371156,0.27564494093811287,0.48665887563045895,0.4775672422913824,0.8381651383511854,0.4499653307417205,0.6739818101776831,5
0.0,0.6175649016589995,0.5892002543757195,0.6491318499676954,0.8938344226124748,0.24532644355430816,0.2989205314306804,0.34408570856280996,0.9561695577217564,0.5833915802616929,0.8601762782986613,6
0.0,0.3555042048962168,0.8282776851809517,0.6194733012528508,0.8336252225698917,0.056089740610972216,0.2750959527617174,0.5721166406160388,0.8900877251079254,0.6653929575923746,0.722123394809063,7
0.0,0.3901646244504723,0.6105703087007303,0.5526013928717739,0.8664914635444607,0.2572012751047873,0.5803692541107969,0.5776783840279122,0.7124069513768889,0.7991671654663295,0.368495077882787,8
0.0,0.19320839108510973,0.6763975077829826,0.6519298224159824,0.8094822601620246,0.38226433331164794,0.3338633288227335,0.7812380696399193,0.3964934040593183,0.9183470315520287,0.7352210035311858,9
0.0,0.6278692358058179,0.5277616599262642,0.4339667903823773,0.7146598672825912,0.2458318385858605,0.6788452864230944,0.4708930885658573,0.8233315471208865,0.6236973819990175,0.3221228328166124,10
0.0,0.9358317531313509,0.18813204261208955,0.01790718672104441,0.6052940844941062,0.44163784050037647,0.980622872842088,0.756395528993236,0.8867159982418853,0.07261879477129235,0.35327388702078427,0
0.0,0.8925051657723998,0.30337629733695226,0.16591968465741752,0.6041305632035869,0.4762512662757089,0.9081969901996967,0.5710042987815839,0.997976963880376,0.3662264357385132,0.5638932963667187,1
0.0,0.8704921726856063,0.36958568346848775,0.25377618258563794,0.7091334542638442,0.4737248487439475,0.8252860130397344,0.5431956502014145,0.8368164476047695,0.40305758829826727,0.6265481487032023,2
0.0,0.8662766473074208,0.5277616599262642,0.4012304312114152,0.7297850178369024,0.33299714681363213,0.5597211629146678,0.5246564484291728,0.7080239071490645,0.47359288078795336,0.6460170658374155,3
0.0,0.6878223824627341,0.5584809571509919,0.6326238532858037,0.9028499383170898,0.2920672125205625,0.36467667199737575,0.34556828317517496,0.8138907118959743,0.5872135656345269,0.6976986409149235,4
0.0,0.7978928750605861,0.5399730453179489,0.4711799462336005,0.7664336423393165,0.28751958661325855,0.4993654406036004,0.5591392678546666,0.7606200364869016,0.4659486740510471,0.6998224103856203,5
0.0,0.6473072082720385,0.6082807194011364,0.6376601221667166,0.8400231284820576,0.2445686298199798,0.2938379054414238,0.37004103615872797,0.9686449471261047,0.565323447445824,0.8729203937693768,6
0.0,0.35971951769117605,0.8406785015108753,0.6284268946133731,0.8243174697273636,0.09524995585460833,0.19027965719440693,0.5843524521544412,0.7906268000104364,0.7345377467985644,0.6771675580491368,7
0.0,0.4182674892220304,0.5720280228938147,0.517346695445346,0.8202449364697336,0.2743815462968987,0.6432662894164926,0.5239149899249982,0.860081362980446,0.7355803989968228,0.41522062886955213,8
0.0,0.19555105823930063,0.6659032624101684,0.6205924494691638,0.7466554503269924,0.3706422922146117,0.3113093041374504,0.8364836617196154,0.4386375815084866,0.9127883652028774,0.7617695268960218,9
0.0,0.6302112652103298,0.5331041319428569,0.4275315352773209,0.7396751575471284,0.25871708844877744,0.625794890720466,0.47052227371477384,0.8570468088010099,0.5771371688345681,0.35327388702078427,10
0.0,0.8578455965510496,0.1667615726404782,0.23167244482218152,0.433682835034223,0.5118753891764793,0.7569893795874854,0.774193272261303,0.856709636114406,0.5899933278840812,0.4332738870207843,0
0.0,0.8423886701643692,0.29784404108251,0.36149852947470756,0.28941287471585153,0.4724614541027333,0.6581963751178909,0.6740818223683873,0.7387050160458074,0.6104936722167515,0.44495527476747554,1
0.0,0.777518898648821,0.43159683111031677,0.3992717689716106,0.39732456900240676,0.686458052584132,0.34434616804034945,0.7078228922531197,0.567430523360247,0.41452397349174785,0.3628313179659619,2
0.0,0.7449660292004319,0.5796601257746613,0.587856008772198,0.2902854113133345,0.5828708445245774,0.29796756468610336,0.60548706684768,0.39514471331290235,0.5684505458906417,0.3992915148506504,3
0.0,0.6231853895800206,0.7447050779545199,0.7193614068127205,0.3164635966459526,0.31455348098030655,0.2903436257022185,0.4994432641293983,0.7599456911136935,0.5562892737691448,0.3861940934593444,4
0.0,0.643325949609272,0.6185839751609591,0.7031330443236501,0.38539899762661695,0.4004553945668641,0.2843080329683849,0.5888018366120602,0.6368844842361735,0.6355111033877616,0.43999943800754937,5
0.0,0.4726001479579255,0.6296505659028467,0.928089988402926,0.5991859108300995,0.23294640284761015,0.2722368475007177,0.217649143410846,0.7009436821264358,0.9082702056770912,0.6690259734177569,6
0.0,0.3852465115092558,0.5300512700081882,0.9588680929641021,0.8947069592099577,0.22814524298552966,0.317344896871284,0.03077455107606497,0.7461224137550401,0.8116747010956431,0.9695568689527269,7
0.0,0.4477757417028766,0.5731729214552619,0.7481806453190826,0.39790632964766637,0.2213236182492403,0.5136601467995244,0.4341856710704497,0.8037755312978541,0.7164693994452062,0.7490254114253063,8
0.0,0.3770497274683038,0.3846591074404898,0.6292662048218555,0.4592790509807687,0.3956549782061172,0.6658203141017757,0.5647009941467407,0.7204986944593297,0.7390559063243507,0.8279647443402676,9
0.0,0.6491807042457122,0.39362689067247464,0.7188017307970593,0.43310107438896345,0.36230485413433217,0.4498100832410712,0.43900592173854985,0.672622782035921,0.6886739223245567,0.6293800286616149,10
0.0,0.8674479808845162,0.15588617933488236,0.2123670871370309,0.4371731901649678,0.5169284101153357,0.7598474597121418,0.77604734651672,0.8712060546581009,0.5872135656345269,0.4332738870207843,0
0.0,0.886650623719186,0.2919293899554843,0.3796859618336013,0.28010512187332354,0.43784804691493423,0.6588317546233651,0.683351337655512,0.7370191526127874,0.6396806394933483,0.4608843887863772,1
0.0,0.7955502079063953,0.41919456001729094,0.43536577660652087,0.39761534495463013,0.644769932806067,0.43678599253700756,0.6577673385046541,0.5795681580537109,0.4812370875248596,0.33734533499433317,2
0.0,0.7503507623234495,0.5892002543757195,0.5332952199265858,0.3548581293065839,0.5694801996301081,0.28653175872391035,0.6028915340880883,0.4305458384260459,0.5851289048504782,0.34017590363702777,3
0.0,0.6210776268909277,0.6819308031539264,0.810015877189228,0.3624206002133331,0.26528610860695734,0.30050887768073165,0.4757133392339575,0.7646659080281218,0.5694929835514108,0.42831805026085806,4
0.0,0.6510542002193859,0.6004576269072983,0.7540562244084779,0.398488090292926,0.3772113123727916,0.317344896871284,0.5847232327659261,0.6422788458257821,0.7001388057556118,0.39575171173533896,5
0.0,0.4615930136648497,0.5767979832826937,0.964185626557911,0.6742294854747706,0.2372419818028049,0.2665190470332555,0.19021124120256316,0.659810822039052,0.895067568582272,0.7515037981323116,6
0.0,0.38548077822467486,0.503148107353204,0.9639043618450149,0.9374633398947528,0.21702989804737965,0.2897082461967443,0.06451596335678178,0.6786914889987377,0.8016000205955991,0.9999999999999998,7
0.0,0.47142902696405636,0.5050561330734157,0.8055400995840136,0.48574801226561015,0.2334519837544959,0.4691874769344324,0.4111972046791835,0.7710717876775426,0.7453096741390075,0.9008851381096445,8
0.0,0.33700287412522,0.41556929036655876,0.6412976086384954,0.45491615925254086,0.4178884747999517,0.6769385328248658,0.5539482536948807,0.7387050160458074,0.7314119355786828,0.772743366147448,9
0.0,0.6503516126563549,0.40908187822385894,0.731392606814351,0.4278656460632526,0.3324917517820798,0.47236408742362745,0.4834997663147407,0.673634300095733,0.6869361686607927,0.6428313179659618,10
0.0,0.8325524442819363,0.1484440269505256,0.21488420250244067,0.4682960278710733,0.5368880751679849,0.780813548201911,0.7682612618319212,0.8806468898830131,0.5410009032028302,0.42123844403023514,0
0.0,0.8953155160245235,0.284104842698544,0.3866808929543189,0.2769051252131765,0.4388586696902388,0.6680440398573011,0.7018903682297615,0.7110584613285006,0.6466299378484894,0.46159231194327616,1
0.0,0.807259292012823,0.41251636608489994,0.4157799694685116,0.4200121904634672,0.613189713659049,0.4704581129290197,0.6288463480900296,0.6237353515527003,0.4405838423235269,0.3646012195236177,2
0.0,0.7459013953962976,0.5769889728956852,0.5486842722071739,0.3246080369387742,0.6045989274993262,0.24333046295157265,0.6010376310306633,0.45718107578156836,0.5615012475355007,0.3500879518185138,3
0.0,0.6276351816736252,0.5869106650761257,0.9026294174355589,0.4313560011939974,0.24204202641288491,0.23888137122237266,0.4404890099448914,0.7403908794788274,0.5879086671000324,0.5525658327323135,4
0.0,0.6641690972015544,0.5563821288587592,0.7820361527063576,0.43688241421274443,0.3302179388284278,0.3322749825726823,0.5357800379717147,0.7306132729633666,0.6726898066802685,0.4088489457958281,5
0.0,0.475878819057661,0.4999044012818541,0.9722995020799322,0.7466554503269924,0.3221329194509243,0.2582605486529709,0.11234697039473118,0.5529329006283856,0.8995835827331649,0.8676095651115086,6
0.0,0.3843096572308058,0.5037204527222774,0.9672632331990192,0.9319379705800699,0.2185447820147028,0.26143642104399895,0.09714458868826381,0.6331757853815572,0.8071586869447502,0.9461948427826118,7
0.0,0.47822063587894653,0.44170930508044837,0.8382748282349008,0.5642819420410259,0.23800035316313353,0.4745877311682455,0.43937656539164105,0.7316247910231787,0.6959703423374719,0.9518578533761695,8
0.0,0.2681503558643208,0.4434265490109689,0.682148047146488,0.49592830170562113,0.44719616353311836,0.6836101201459795,0.5220610868675732,0.7218473852057457,0.7220302111692509,0.7069020166162433,9
0.0,0.6388763700988936,0.3976337239025891,0.7476209693034215,0.44531763045778944,0.3057106478684747,0.4926944683642926,0.5287350693951062,0.6426160185123861,0.6747746820018066,0.6598224103856204,10
0.0,0.7934435081334341,0.13279908890265146,0.2414657560212049,0.5139620258713363,0.5505313246405636,0.8043219748226516,0.7682612618319212,0.8803097171964092,0.5052121883038452,0.4159287393572679,0
0.0,0.8807960816659721,0.2810519184168852,0.3805252720420837,0.2809776584708065,0.4434064071227428,0.6696323861073524,0.7067106188978616,0.724207393313946,0.6504521377588127,0.45840656407182256,1
0.0,0.8011709084106428,0.39439001783123917,0.4045880796753635,0.4249568428369546,0.5917136776364094,0.4812586213966459,0.6147565821348048,0.6325014400083491,0.4051424636198053,0.4223004224309919,2
0.0,0.7311481194887798,0.5664947067405409,0.5481245961915128,0.2952304811684475,0.6346638909283544,0.21728174847254692,0.5821277684855313,0.45987845727440047,0.5566368245018977,0.331326395848749,3
0.0,0.6407498660725673,0.528906350664411,0.9376040730391468,0.47818554135886093,0.24178942183477545,0.1864682002706361,0.4260284291385831,0.7140928148099089,0.6007648261495456,0.614866760956511,4
0.0,0.6784546900111393,0.5281432235056466,0.7781188282267483,0.43397381972725924,0.34310318869134476,0.2766840939845,0.5446787384077559,0.7120697786902849,0.7599025141648379,0.3922119086200274,5
0.0,0.5032792025578013,0.43541288255074007,0.957469921999996,0.7824315382319236,0.3911071664234798,0.28240209947923084,0.07563869690936259,0.47167869851342975,0.8780418734271722,0.9412380693686013,6
0.0,0.3829044821047439,0.5020032087917569,0.9510354821549769,0.9089576944994708,0.24280002602254672,0.27318981424529476,0.0,0.6577879866174556,0.8380821206601748,0.9794685424725793,7
0.0,0.4814993069786821,0.4378932536400251,0.8231660215921621,0.5442121391132273,0.2074294370765528,0.5282726452618199,0.5242858047760816,0.7424137149004237,0.6591387607027391,0.9047778724839128,8
0.0,0.20960280949991916,0.46193446084401196,0.7204805550290334,0.535195266593329,0.4580602050204928,0.6788452864230944,0.47534252438287405,0.6925149670554188,0.7161218487124533,0.6417693395652051,9
0.0,0.6096023843334665,0.4031670192735329,0.7526572381843344,0.45142580412179606,0.32238570990436716,0.5085775208102679,0.5168700213483897,0.6405931830907898,0.6646980706643584,0.6322119086200274,10
0.0,0.7629973384580062,0.12936376974840913,0.2641299850603598,0.5427578001223221,0.551541928828335,0.8141694345347933,0.7893956539677702,0.870531709284893,0.48853385079775774,0.4095570562835439,0
0.0,0.8702583311366399,0.26540698036901106,0.3785668136172884,0.2902854113133345,0.44391172780416177,0.669314593840981,0.6989241918170784,0.723870220627342,0.6539267869363833,0.46159231194327616,1
0.0,0.7704930230185116,0.3802707106309931,0.43004966971777736,0.4496805221860173,0.5934822814338424,0.510483454299422,0.6173521148943966,0.6341871027433414,0.3846421192871349,0.42088438878637724,2
0.0,0.7398130117941173,0.5260444159957438,0.5593165675106646,0.3746369475413463,0.5042957648305282,0.347522860540452,0.5283644257420149,0.4143625529591921,0.6518419116148453,0.3115030488090443,3
0.0,0.6332556695946463,0.5346305525190262,0.9342472398352359,0.4589882750285453,0.22637756856476363,0.17852749415672292,0.47163471826802417,0.72454456600055,0.5694929835514108,0.6191144872287214,4
0.0,0.6838411237999676,0.46174367905432084,0.7943465792707907,0.4656782093378115,0.356999042742033,0.28621396645753894,0.502780426591157,0.7012808548130398,0.7915231947206616,0.44991092419658485,5
0.0,0.533489957568388,0.3798891470516108,0.9278107618401235,0.8013371936467646,0.4067718101469345,0.28271968671833364,0.13867208565377948,0.44302062573631096,0.8460736421385956,0.9720352556597321,6
0.0,0.39367734968240065,0.4850217590995432,0.9485163286394738,0.9115773917000478,0.21425106181284215,0.263342354533153,0.03559548653613387,0.6574508139308516,0.8485064972678651,0.9635398031153113,7
0.0,0.483841336383194,0.40774640569602105,0.8122537659918352,0.5660270152359919,0.18923781819533644,0.5441556977077953,0.5773076034164272,0.7360078352510031,0.6219600574102322,0.8899112988582185,8
0.0,0.19133553286111504,0.4647966033359796,0.7397865241592121,0.5395582626919633,0.43405825332949194,0.690279657194407,0.4797919601998908,0.6915034489956068,0.7004863564883647,0.628672105504716,9
0.0,0.5871197948997031,0.41804966145584377,0.7705644249053789,0.4540436226550579,0.346387605832768,0.520648706277935,0.5276227960398481,0.6628453762184879,0.6358586541205143,0.6145127057126532,10
0.0,0.7384078366680555,0.12669324033933393,0.2769988647503979,0.5651544786385089,0.5555843455794199,0.8332287694263338,0.8020009621327162,0.875252126897349,0.4784573896365521,0.4042473516105766,0
0.0,0.8604221052542069,0.2512874653454647,0.38108494805774484,0.3007579378912586,0.44189050084108594,0.6626438266289418,0.6922500380915533,0.7292647829149783,0.6469774885812423,0.45557468411340996,1
0.0,0.7676826727663879,0.38198795456151363,0.4118628488039116,0.4412453059409722,0.5876712608853243,0.5085775208102679,0.6410822109878296,0.673971472782337,0.3902014292487541,0.3840703239886477,2
0.0,0.73419231128987,0.5126882359542623,0.5324559097181034,0.41797613257546495,0.44896476733055146,0.42535018657481455,0.41935444661105015,0.5414696313779325,0.5545519491803597,0.33840750072590686,3
0.0,0.6222487478847969,0.5353937628071108,0.923053719522013,0.4694595491615925,0.2321880314872815,0.14898306474761153,0.47645479773813215,0.7373563252993913,0.5625436851962697,0.6244241919016886,4
0.0,0.6716630810962492,0.39343610888278346,0.8002225659902047,0.5058178151934087,0.36887387429251206,0.349428794029606,0.4809042335551489,0.7147671601831169,0.7498278336647939,0.5001764656294783,5
0.0,0.5566749007236332,0.3678684395379672,0.9009499817585567,0.7798139284394745,0.35649383358581405,0.25190675359822867,0.258063853427127,0.5165202574554301,0.8648370909574594,0.9079643696786338,6
0.0,0.4049185381076691,0.4581184094035887,0.9473973842381701,0.9424084097498658,0.1874682850212363,0.24491737401074354,0.09788587599444631,0.6540792877628392,0.8384296713929277,0.9642479136030271,7
0.0,0.46018783853878786,0.37893503027985487,0.804979608308315,0.6012219687181017,0.1958066524781829,0.601970312051503,0.6429361140452545,0.724881738687154,0.5257125326365156,0.7663703717580059,8
0.0,0.16159301366484974,0.5159317342023119,0.7411855103833557,0.5314140081784651,0.44871216275244197,0.6861504080042647,0.47385943617653253,0.7090354252088765,0.6949276901392134,0.5585835916937515,9
0.0,0.5637007763539426,0.4378932536400251,0.7669271422486095,0.4589882750285453,0.3721582914339353,0.5320845122401281,0.5383753995333143,0.6645310389534803,0.6351637671924981,0.5837162687447898,10
1.0,0.509836566015595,0.0,0.7694452766890659,0.8051195771746096,0.7041440905584625,0.7760487144790258,0.43603957412787464,0.27815141060608806,0.2880470437806655,0.7776982662532899,0
1.0,0.49016441186724596,0.3110096471576007,0.8013415103915082,0.7835942245591916,0.7566966235745687,0.39008959691639,0.2306259512188441,0.2518539480312527,0.32383597321713986,0.6545127057126532,1
1.0,0.6088997967704356,0.32589187369331096,0.7604916833285437,0.7533455933770715,0.6190001765815668,0.14072456636732694,0.3407490596950279,0.36210339560993143,0.4461431522851461,0.7175216132929947,2
1.0,0.8536300711728642,0.4205302403684291,0.6452147293030953,0.3176262829732206,0.49595814087491524,0.17280928363472348,0.6232846389177548,0.4200940872354048,0.30403051581248575,0.6945127057126531,3
1.0,0.5744734313483728,0.6374734505733844,0.6091207216681851,0.20477056253561637,0.3638206674783223,0.2897082461967443,0.8965519012393023,0.4939308916411279,0.3874218815366892,0.561769339565205,4
1.0,0.6355976989991581,0.5497040118209893,0.5221033301334377,0.2329860582011134,0.480293683026794,0.21251691474966178,1.0,0.47707326080106616,0.2640720502704246,0.7699109241965848,5
1.0,0.39297476211936966,0.6855558649813582,0.9994395087243015,0.43455558037251885,0.27134973373358495,0.12452331160044294,0.5602516096891216,0.8759264722705571,0.46073672173844027,0.3571675580491368,6
1.0,0.3086657426382428,0.9471463782633454,0.7179622167735676,0.3187910567086166,0.2612436918558723,0.09625210152950353,0.6433067576983458,0.9696564651859167,0.4558722128898415,0.5348667234903477,7
1.0,0.26510616406323073,0.7511922822739194,0.6824278851543185,0.2710875187605805,0.5965140939971562,0.5343082379956535,0.6941039411489782,0.5826025516747247,0.3554551520105381,0.26619334413607704,8
1.0,0.24613736277752735,0.7800044889832869,0.8517062373507309,0.5383948040236879,0.6849431686168088,0.4123260343625703,0.4690391855084324,0.7002693367532278,0.1980545740465418,0.3182300984423442,9
1.0,0.5388763700988937,0.4182404432455349,0.6572461331197352,0.2515994764780415,0.5664483870667943,0.3529230737688114,0.7248788346210275,0.6911662763090027,0.23314861655499997,0.5277870797935613,10
1.0,0.4798600777204275,0.026140014713889714,0.7797982639037504,0.7815590016344405,0.7112185057481948,0.7833558863328824,0.404152236102575,0.261294783256165,0.36448911114972793,0.8215917499508255,0
1.0,0.4653402181954235,0.33600455548674296,0.9258520996003188,0.7478181366542604,0.727640591455311,0.3726181982203634,0.2080089844706301,0.2464591850455886,0.37526060941519235,0.6555746841134099,1
1.0,0.5925062286885315,0.34439957770305374,0.7663674662329484,0.7230950835276362,0.6558871364975511,0.15311436421044006,0.3281420395501602,0.2953472176228925,0.4596943269851691,0.7405299588808856,2
1.0,0.8510535624697069,0.4161416357356321,0.6144368285569286,0.3647474340535587,0.4727142445561762,0.1867859925370075,0.6392281367324124,0.4184084245004125,0.3273104078572211,0.6789374596067925,3
1.0,0.5503518252395813,0.6420528369958726,0.5808610572699795,0.23531143085564943,0.3749374994191396,0.36149997949727325,0.8728204355619318,0.47100455383824946,0.37804037166474663,0.5054861703024455,4
1.0,0.6477755291196503,0.5298604674361671,0.5064346436600284,0.22891352494348338,0.5020219518768763,0.26016525197851326,0.9458654828896167,0.4565067304083603,0.33703946846191646,0.6566366625141667,5
1.0,0.422717281315635,0.7015834057251162,0.9826512664045606,0.39412498982388533,0.2594750880584392,0.16041948579161036,0.6065993402029382,0.9554952123485483,0.4395414046627579,0.3571675580491368,6
1.0,0.29344350813343417,0.9914127412308957,0.7378280657344168,0.2856325785961345,0.23395756466138165,0.18170336654775093,0.6447900171026795,0.8280499577530652,0.5281447441533171,0.5808843887863772,7
1.0,0.26697902228722536,0.7685555033688156,0.6309450290538295,0.28650511519361754,0.6273385440385134,0.4812586213966459,0.7111598835168862,0.6045175921856216,0.2946487914030538,0.2906194093459344,8
1.0,0.2395791702451509,0.746231332272049,0.8363161659950962,0.5232697369657018,0.7230940808000075,0.38627772993808185,0.5602516096891216,0.7066754171006762,0.2414876887661735,0.2715041727939454,9
1.0,0.5358319657145773,0.41843143285852635,0.6312248670616601,0.2734149788232445,0.5563423451890818,0.34498154754582366,0.7193171254487527,0.6689140831813046,0.19353641452075548,0.5391145059618031,10
1.0,0.4264642732629824,0.06067609076059172,0.8290420083115762,0.8126822568221717,0.7036385096515767,0.7385656292286875,0.32888332685634264,0.23229993918849767,0.4426685031075756,0.8127422421625468,0
1.0,0.4878225950459604,0.29650773726147084,0.9630666821566074,0.7303665697413493,0.727640591455311,0.3996194693894289,0.258063853427127,0.261631955942769,0.3808199193768116,0.5946897333345821,1
1.0,0.5906327327148578,0.3438272323339804,0.7397865241592121,0.7993019707220136,0.6255690108644133,0.12992372985607092,0.3882085670899252,0.263317819375789,0.44892291453470046,0.7440705113194644,2
1.0,0.8238875519765988,0.39706137853351564,0.6852258576026056,0.3478772103042814,0.49343172334315377,0.1426313199655555,0.6132734939284632,0.453809549613556,0.33286993235632967,0.7008843887863772,3
1.0,0.5348951114361272,0.6632319017078918,0.5470054479751998,0.22135084529592136,0.40626641511538214,0.44663345224914924,0.8713378609495668,0.39109823967759877,0.3801250324487953,0.47114993021927065,4
1.0,0.6220144811693777,0.5142146980950916,0.47201946025709224,0.29494033143866255,0.5176864097249975,0.33831057530651587,0.8557656915799692,0.3981790667943107,0.2995134289741461,0.6530968593988553,5
1.0,0.4149888181222948,0.7603506394722951,0.9944032398433886,0.3711465924106015,0.25442206711958293,0.19345757985812123,0.5928803890987967,0.9214427779818208,0.422515709507658,0.4460172531682324,6
1.0,0.2679165143153544,0.9887422118218205,0.6776712504662268,0.25276425021343746,0.2435578397568751,0.2814491327346538,0.7582496032486532,0.7741061411589509,0.5555943868411286,0.5284950404166237,7
1.0,0.26768267276638796,0.7326843704408763,0.6768319402577445,0.3184988195707036,0.5692275950519987,0.4348798540205848,0.7378563272209944,0.630478403888725,0.3564975896713072,0.277521238631361,8
1.0,0.210070492597852,0.6861284181737319,0.85814067719575,0.44386312447423404,0.7147557133430609,0.4297974330585969,0.5446787384077559,0.7103841159552926,0.22654515263269687,0.20212245815497876,9
1.0,0.5131152604994855,0.440182842939619,0.6292662048218555,0.2795227350056255,0.559626762330505,0.3354516750727848,0.7078228922531197,0.6257583876723244,0.18832529890435706,0.5412384065640717,10
1.0,0.40421595054463816,0.07899155821754117,0.8587011684714486,0.7993019707220136,0.6834264258961515,0.7309406651084596,0.3240641033761956,0.23297428456170566,0.43467698162915486,0.7982297237807103,0
1.0,0.5063236919754083,0.2591099343694018,0.9703408398401275,0.7097152149091037,0.729662915082854,0.4180438348300325,0.305153573158894,0.27882575597929604,0.3478109667273808,0.5419463671871341,1
1.0,0.5559723131606024,0.3438272323339804,0.7632896557768307,0.8365329820921257,0.595503489809385,0.08767581088284748,0.33147868841794226,0.3580573233706833,0.48054217914309444,0.7539821848393169,2
1.0,0.8430923206435319,0.4016405571327035,0.6801895887216927,0.34874995564257727,0.52627663825872,0.1264300651986715,0.6770479987810704,0.4049221191303354,0.32522574707317237,0.6729198317769263,3
1.0,0.5320848037006487,0.6546458898785896,0.5696691063323285,0.30192062421852656,0.3150586901365255,0.48221160864394974,0.8750460094604011,0.42413995877662514,0.28665726992463303,0.5263711585474368,4
1.0,0.5548014047499595,0.4993318480894804,0.4963619020831932,0.36358412150385233,0.5692275950519987,0.3913601509000698,0.7693723368012341,0.4099795087313678,0.19944477697755297,0.6272560718601012,5
1.0,0.38032839856803935,0.8399157899987114,0.9434800597585608,0.3080283804009076,0.24330523517876565,0.19250420305900695,0.5888018366120602,0.8890762070481134,0.3224459848236181,0.5051323023894044,6
1.0,0.23161580258671266,0.9845441811554143,0.700335071875363,0.32082627963336763,0.2513902545562692,0.24396399721162926,0.7623275394226177,0.7811865668796073,0.571230308140196,0.5146897333345821,7
1.0,0.263233305839236,0.7305855629309735,0.730273458598038,0.3187910567086166,0.5672063866764562,0.4113728625907247,0.7052275306915201,0.6028318090318127,0.3808199193768116,0.2810617910699399,8
1.0,0.18009413185262024,0.740507255111414,0.862618492951058,0.41826690852768844,0.6980808371825018,0.47649370566285326,0.5179824659016399,0.6968978105852155,0.2574703026480363,0.19752161329299467,9
1.0,0.5234196988120848,0.440182842939619,0.6337430015021166,0.3339157897813022,0.557858158533072,0.27731947348997427,0.7474966573592026,0.6102492067410454,0.16122277787431966,0.5504419508631266,10
1.0,0.3564408465914405,0.128792255672537,0.8894792730326246,0.7428730667991474,0.6902480506324409,0.7417415016197155,0.2910639784016613,0.20094287933432486,0.42182082257964176,0.8431853732098198,0
1.0,0.4526938546440931,0.3049037985942832,0.988806479686777,0.697789643533314,0.7205661762655787,0.3141684093984501,0.25880514073330946,0.3074854343406368,0.3064627273292872,0.5992915148506504,1
1.0,0.459485250975757,0.44190008687013954,0.8606598307112532,0.7722512487919125,0.543204304872722,0.0,0.35446715480920843,0.4463921519043233,0.5687980966233945,0.7097338965746559,2
1.0,0.8466041955425548,0.4119440207158266,0.6401782566071731,0.42059395110872677,0.5083381815816133,0.1102288104317875,0.7285866407358774,0.39784189410770665,0.3332174830890825,0.6410614164083062,3
1.0,0.5210777756991862,0.6384275673451405,0.6088408836603545,0.33856945746175343,0.3155640851680778,0.40343133636773704,0.9095287090473003,0.4635871561290168,0.2307157614257304,0.5561055796483799,4
1.0,0.5170965170364197,0.4649873851256707,0.5699489035771572,0.4581157384310623,0.5619005752841569,0.44313917250994395,0.7282159970827863,0.4302088664374696,0.14697748858124215,0.5734507273118963,5
1.0,0.35808028843292145,0.9437131373421062,0.7073300029960806,0.2149508519756274,0.30874246043178843,0.2696955345060894,0.7523175928192715,0.6564392958710396,0.29430145520779033,0.48212339480906297,6
1.0,0.23442615283883633,0.9813000594374638,0.7417451863990168,0.34904073159480065,0.2213236182492403,0.22840037725017434,0.6722277481129701,0.745785241068436,0.5767896181018153,0.5384065453387409,7
1.0,0.25339707995680305,0.7555806790834161,0.7820361527063576,0.32635311013374024,0.5669537820983467,0.38564235043260764,0.6436775725494291,0.5397839686429402,0.3790825947880263,0.27292039376937693,8
1.0,0.16721371416909714,0.8189277148996836,0.8662545527177712,0.39616104771188754,0.7074285076998857,0.48602349612498474,0.5587684872431816,0.7262302287355422,0.3005558666349152,0.22725663385255185,9
1.0,0.5538645504715095,0.4357944461301223,0.634582311710599,0.33856945746175343,0.5603847619401667,0.2849434124738591,0.733777706255061,0.6075519657368328,0.1348153583097879,0.5872560718601012,10
1.0,0.3555042048962168,0.13470690679956276,0.899272584231648,0.7222223381893405,0.692017583806541,0.7379300446959447,0.27178366052122943,0.17869148899873766,0.4249479210244595,0.8736285042570926,0
1.0,0.3906329452980841,0.3621443623773323,0.8844430041517117,0.7737061722570935,0.7023764161376965,0.11944068561118637,0.2721534481843597,0.3496280062055831,0.31931888637880035,0.7444245665633223,1
1.0,0.44918091682893846,0.4205302403684291,0.8419129261517078,0.7931942145396325,0.6003039061701317,0.05082625989256573,0.33147868841794226,0.4042479744551551,0.4993053276094732,0.6647782471455466,2
1.0,0.8203756770775759,0.42320139324740536,0.656686457104074,0.4066323218449348,0.5141492021301314,0.10800631483987377,0.6514639996302124,0.44740366996413533,0.30472540274050197,0.661946367187134,3
1.0,0.5313822161376178,0.6420528369958726,0.5970893178515452,0.2568367834710675,0.3832749374994192,0.3881836634272359,0.8902483911668684,0.5003369719885763,0.27970797156949195,0.5115039854631285,4
1.0,0.45854860928053326,0.43865658862208995,0.6158358147810721,0.5700993397528091,0.5282978466342625,0.4320209537868538,0.7463838704099679,0.39683057674592237,0.21681587749051212,0.5564596348922378,5
1.0,0.3629981887909116,0.8662470021488928,0.6631217122091305,0.2937755577032666,0.3466403962862109,0.2900260384631157,0.8242481412177999,0.5643961698788387,0.3436412160843047,0.35150398546312855,6
1.0,0.23302097771277452,0.9372248939062051,0.7495796315432262,0.35602144185629025,0.22637756856476363,0.15914831672612467,0.6173521148943966,0.7832094023012037,0.566365885106593,0.5313269016419545,7
1.0,0.2655738471611635,0.7281051918416885,0.7067703269804195,0.3865625189171361,0.5924716772460711,0.38564235043260764,0.6900253201830449,0.5704650775396831,0.316539124129246,0.2534511019735301,8
1.0,0.15620615470956872,0.8242708519508373,0.9834909842430617,0.35805770848510526,0.6503294640284762,0.5416143847131669,0.5350384082695478,0.734321971817983,0.38568455694790393,0.20566301059355763,9
1.0,0.5854805656414486,0.4283531250389669,0.6894228162750361,0.3781273026720911,0.5629111794719283,0.21378808381514752,0.7115306983679696,0.5964258892427865,0.18033377742593631,0.5040703239886477,10
1.0,0.4423893079140483,0.18527031576672254,0.5559589801912193,0.6428158718164416,0.7700870825937045,0.5724277278878092,0.962550439208449,0.07215094097270314,0.1963168203827778,0.6343356780907242,0
1.0,0.3201411977789304,0.444571447572416,0.6426965948626389,0.8528210277145176,0.6932796773204213,0.6562904416287367,0.2691882989596298,0.2653408554954131,0.1532312563958989,0.6215923119432761,1
1.0,0.5962534332191052,0.39038318460112476,0.4135414692208763,0.7428730667991474,0.6099047388916254,0.5324023045064995,0.3971074387239586,0.37188140352144766,0.2946487914030538,0.7387596826615961,2
1.0,0.6365343406943818,0.5067731691806359,0.43592545262218196,0.49796435959362334,0.44416436955733796,0.26143642104399895,0.6392281367324124,0.20128005202092886,0.4374565293412198,0.7178754812060357,3
1.0,0.5400472785095364,0.6840296106638292,0.511750750548772,0.3691105345225993,0.2541692766661401,0.34021671382293855,0.7430472215421857,0.5991231101771963,0.49061861885055114,0.35539765649148103,4
1.0,0.5915695869933079,0.6191563205300326,0.4560709357758524,0.37231011370112066,0.3762007081850204,0.4145495550908272,0.6229138240666714,0.48954784741330354,0.4694233189378679,0.47327388702078427,5
1.0,0.42669853997840146,0.7700809263931434,0.4972012122916756,0.35514890525880727,0.37544270857535855,0.2963792184360521,0.8572482661923342,0.5852997926789374,0.5069495128926305,0.24814027331566174,6
1.0,0.2266987525616278,0.8830370465815145,0.5797418479091637,0.6239095901791623,0.27791875389176485,0.1715381145692378,0.7834619315584668,0.5977744997099914,0.7411412107208675,0.5646012195236176,7
1.0,0.3442630164709483,0.7582520397856926,0.2501401228189246,0.590168933939795,0.46210280764691125,0.6985402058473779,0.6381158633771543,0.927511886340693,0.4986102261439676,0.13557505877504378,8
1.0,0.12107890239028574,0.8591872446371196,0.37325050291353556,0.5668997605742877,0.6515915575423564,0.35546438676343967,0.7382271420720778,0.4362775734002863,0.4534399799192911,0.09946891713421313,9
1.0,0.51498879473814,0.5537108720681327,0.46250619088090883,0.6463062269471864,0.4618500171934684,0.5549563291917826,0.6344080572623044,0.7178015136645253,0.46212658140946844,0.18973427123628966,10
1.0,0.45503567146537865,0.22800917747694205,0.5019578469797673,0.584642520921048,0.8009107891337282,0.6400898019436586,0.9006298374132669,0.0,0.18623999450784035,0.6651321150585876,0
1.0,0.37306846880553735,0.41785887966615265,0.5839388269630952,0.8778365267198678,0.7056608332791198,0.7484130889408293,0.42565761428749965,0.3206331621379157,0.10076396799958814,0.5561055796483799,1
1.0,0.5896960910196342,0.39019240281143364,0.45243344930407364,0.7527632065093735,0.6174834338609095,0.5546385369254112,0.4482754370256746,0.37896202994013184,0.21994383408528728,0.7359291140189015,2
1.0,0.6313821736209726,0.498759502720407,0.46082757046394407,0.5113442282121557,0.4130880584392049,0.2919319719522697,0.5873187141661202,0.20667481500659296,0.4468382537506517,0.6541588377996121,3
1.0,0.5454337122983648,0.6561723520194189,0.5310569234939599,0.4130312714611648,0.24305263060065618,0.26524828802230704,0.7816078573030496,0.6051918974192241,0.5128563735870025,0.37663666251416683,4
1.0,0.6135836429962329,0.588246345427264,0.5114711163559507,0.35805770848510526,0.36735787507318846,0.44758643949645316,0.6010376310306633,0.49730241780914025,0.5125088228542497,0.46300834558789083,5
1.0,0.4348951114361272,0.7868730490587682,0.4476770184309913,0.3656201793918545,0.39818158161321204,0.3538760405133884,0.9039664862810489,0.5438298401841606,0.4402362915907741,0.23256558920225168,6
1.0,0.2302106274606508,0.8366716682807609,0.5895348126226712,0.7001164773735395,0.2372419818028049,0.14580719235658351,0.761214752473383,0.6068776605032303,0.7776233107854433,0.568495077882787,7
1.0,0.3067922466645691,0.717229382889492,0.43004966971777736,0.5668997605742877,0.4186464186470135,0.6248419239758889,0.529476699097273,0.9743768827983728,0.5959001885784532,0.17097308992815857,8
1.0,0.11779874320796585,0.866818516224765,0.38220409627405777,0.5666087758812515,0.6478034182473815,0.31670951736580977,0.7745630599244332,0.4372890914600983,0.48679652620897246,0.06937984133079811,9
1.0,0.5177991045994507,0.5338673422309416,0.4535528013353959,0.6579408136299401,0.4363321406332773,0.5343082379956535,0.6344080572623044,0.7521911207178568,0.47011824662800705,0.23716830737240424,10
1.0,0.43653455327760815,0.21274455606864823,0.5800216451539925,0.6308903004406519,0.7832247511593975,0.5714747611432321,0.9143479325274473,0.02764615332125131,0.10458702605986886,0.6930968593988553,0
1.0,0.3964876999345243,0.3796983652619197,0.5937318732026063,0.8827815965749808,0.6849431686168088,0.793838930577767,0.529476699097273,0.4305458384260459,0.023627013702509414,0.595397656491481,1
1.0,0.5470731541398457,0.40870031464447665,0.49216494341076267,0.7812688519046556,0.6270857535850706,0.5295431992454998,0.42973623525343296,0.3573829779974753,0.1726898066802684,0.7734514766351637,2
1.0,0.6086655300550164,0.5107802102340506,0.45243344930407364,0.499418656836366,0.4242047900073421,0.31543896338212996,0.5476450860184312,0.21476695948508917,0.42911745713004623,0.6254861703024455,3
1.0,0.5508201460871931,0.6733445835013238,0.5067144816678589,0.39121639533840014,0.26301229565330536,0.27382519375076897,0.8413045971796843,0.5387724505831282,0.4961780146271661,0.36955705628354385,4
1.0,0.6355976989991581,0.5659222990244774,0.5260204507980376,0.36852877387733973,0.3580096469298042,0.45521033747488426,0.6043746222944297,0.5276463540192791,0.5243225442429938,0.41522062886955213,5
1.0,0.46252986794329976,0.7668388829081961,0.4703406360251181,0.3045382340109756,0.43986927387801006,0.3745241317095175,0.8995170504640322,0.6099120541242442,0.4419736161795594,0.21415846313797843,6
1.0,0.2395791702451509,0.8591872446371196,0.568270120108185,0.6759745586697365,0.1874682850212363,0.22776479271743152,0.7400810451295028,0.6240725242393044,0.7887427888586391,0.48141547165216403,7
1.0,0.3363004991454154,0.6605607488289157,0.41130317278825046,0.562536660105247,0.42016234351620374,0.6385014556936074,0.5116791270271982,1.0,0.5368313670972434,0.18973427123628966,8
1.0,0.10936769245159478,0.8889516977085403,0.4479568564388219,0.5287962105192845,0.5967666985752657,0.31893324312133525,0.7022611830808448,0.4494265053857316,0.6157056459831074,0.0,9
1.0,0.5070262795384393,0.5220375827656294,0.46558400133702643,0.6346716402644328,0.42622601511166464,0.5304963710173454,0.6014084458817467,0.7275789194819583,0.48332187703140195,0.25698978110394044,10
1.0,0.3786891693097847,0.2169425867350544,0.6880238300508926,0.6588135589682359,0.8074796234165746,0.4904707426087671,0.827584790085582,0.10485468459301456,0.04725402740501894,0.6828313179659619,0
1.0,0.4180334350898376,0.3545122594964857,0.5646327355439109,0.8792893627769207,0.6803947992081711,0.7963792184360521,0.5958467367094719,0.46324998344241275,0.02988078151716622,0.5447782284124649,1
1.0,0.49765858708684446,0.4357944461301223,0.5204245059014636,0.8013371936467646,0.6227901746298758,0.4980946815926519,0.3922865032638897,0.3270394431833919,0.16747654568897646,0.823007970926257,2
1.0,0.5763471399052729,0.5245179538549144,0.45858907021630885,0.4685868038232967,0.46791382819542937,0.2671542215114611,0.5687795979928748,0.17228520795326152,0.44405849150109744,0.6538047825557542,3
1.0,0.5538645504715095,0.7067351375166778,0.4776154051536663,0.3182086698409186,0.30874246043178843,0.33704002132283606,0.8464953203028835,0.48314196776388285,0.5055595244991087,0.3306182853610332,4
1.0,0.6323188153161963,0.5313868880123364,0.540569989055134,0.4284471979676994,0.3516934172250672,0.461245909705991,0.5676672561584198,0.6112606645914491,0.4972204522879351,0.36424735161057664,5
1.0,0.4887592367411841,0.7645486701387012,0.4560709357758524,0.26556214944589746,0.45856560005204516,0.4472687702464429,0.8846861684006171,0.5960887265910838,0.4847117367024301,0.27645907289978733,6
1.0,0.24262336204624102,0.8765508813786166,0.5710681007090724,0.6500875667709675,0.16346620321750205,0.30305019067535993,0.7578781036056009,0.6399188377175818,0.7852672815311112,0.4311499302192706,7
1.0,0.3358319657145772,0.6369011052043111,0.4208162383494245,0.608784439624851,0.4431537653695667,0.5657567556485014,0.555060698248131,0.8846929621222612,0.630994016549422,0.20884950778827865,8
1.0,0.09906378347122896,0.9360797875214577,0.4972012122916756,0.44997129813824066,0.629864589819608,0.22236437446180352,0.7193171254487527,0.4305458384260459,0.5882560032952959,0.12743366147448082,9
1.0,0.5163939507317115,0.5115433373928151,0.4510344630799301,0.637580234749918,0.41233009600460974,0.4898355681305615,0.6484978232175294,0.6888062682008025,0.5323142802589039,0.2215917499508256,10
1.0,0.3348953240193535,0.240983586115741,0.7243976756936334,0.6870275934480433,0.7991412559596279,0.467599151187108,0.7979230259587515,0.0711394229128911,0.1031968231288577,0.6123887489111395,0
1.0,0.4255274189845324,0.3493605277049242,0.5355337201742211,0.8583484844373286,0.6910064219927695,0.7830380940665109,0.610307146317788,0.5033713254699846,0.021541709305992696,0.51504378857844,1
1.0,0.49648763615955643,0.4214841493168848,0.5352538821663905,0.7582906632321845,0.6424966774784153,0.5034948948210113,0.39191671560075947,0.38738934012495463,0.09520530165043695,0.8410610417466724,2
1.0,0.5529279087762858,0.5189846584839706,0.47425775668971815,0.5029090119671108,0.4451749551575759,0.2754135400008202,0.5591392678546666,0.17936583437194564,0.4579570023963838,0.6346897333345821,3
1.0,0.544965391450753,0.7055902389552307,0.4820922018339274,0.3312979712480404,0.28095056645507865,0.3754770984540945,0.8338883001580157,0.4807819596556825,0.539263578614045,0.2948661989640605,4
1.0,0.598361195908198,0.4840676423277872,0.5484044341993433,0.49767358364139996,0.3827697283432003,0.4729994054209211,0.5105668536719401,0.724881738687154,0.4006253767814657,0.3837162687447898,5
1.0,0.46018783853878786,0.7765691698290444,0.45327296332756534,0.30308331054579457,0.4575549958642739,0.5174722188051012,0.8754157971235313,0.45684390309496437,0.5041697506430762,0.3295561196294595,6
1.0,0.24332701252540367,0.8513647756131826,0.5909337988468146,0.6617221534537211,0.18115224119183268,0.263342354533153,0.7601036775040703,0.6500334162216188,0.8238368313670974,0.49557468411341,7
1.0,0.3159256724007449,0.5867198832864345,0.49524275386688027,0.692263230514567,0.4792830788390227,0.5536855701808342,0.48720757242959056,0.8621043991000701,0.6125785475382897,0.2637168307372404,8
1.0,0.08782238246273405,0.9816824543100473,0.5044759814202238,0.4156490899944266,0.6255690108644133,0.20489195062943377,0.6874299586214453,0.4558325857331801,0.5368313670972434,0.1946891713421316,9
1.0,0.5241222863751158,0.4918905269983249,0.4583092322084783,0.6489240454804482,0.40904560451305316,0.44822175749374676,0.6618459594705873,0.6813888704915697,0.5705354212121798,0.2028305686426945,10
1.0,0.31686252667919484,0.26502458549642754,0.7098481374365371,0.7030252805998376,0.7837303320662832,0.4841175831385576,0.7868002924061707,0.034389607053331606,0.13794331490456307,0.567787154725888,0
1.0,0.42318560216324685,0.3396289938442738,0.5304972474782987,0.8359505952244277,0.7041440905584625,0.7233177512609179,0.595105107007305,0.5643961698788387,0.02605986883177902,0.4343356780907242,1
1.0,0.5290403142830418,0.3913373013728807,0.48880729494681446,0.7440378405345435,0.6445190011059583,0.5317669250010253,0.45161242828944104,0.4082936452983477,0.039262505926598135,0.8127422421625468,2
1.0,0.51662813241384,0.523945608485841,0.4955225918747108,0.5183250219699705,0.43835334900881984,0.2779548529954485,0.5498696327289474,0.2046517788869689,0.4444058276963609,0.648848945795828,3
1.0,0.5416867203510174,0.7050178935861573,0.46922148780880524,0.35020425288531987,0.24330523517876565,0.40311374912863424,0.8257324278100866,0.5094400324328013,0.5180683473533584,0.28460047020035023,4
1.0,0.5398132243773437,0.45334824119140943,0.5584771757761785,0.5299596754497843,0.43986927387801006,0.5057186205765368,0.5202071838101483,0.7653402534013298,0.35753981279458685,0.3808843887863772,5
1.0,0.4096023843334665,0.7483303476052521,0.5707882953116433,0.3627113761655565,0.4322896867071256,0.504448066592857,0.7808665699968671,0.4116653721643878,0.517373460425342,0.31221115929676,6
1.0,0.26580768871012994,0.8796038056602753,0.5033568332039108,0.5596280656197619,0.16548852684504506,0.40724340837331374,0.8227655666054349,0.6800401797451537,0.7943014552077904,0.44991092419658485,7
1.0,0.3196728769313186,0.5151686070435473,0.5260204507980376,0.7798139284394745,0.5192022230689877,0.6197592979866324,0.37152361077109286,0.8267032739869267,0.502432426054291,0.45840656407182256,8
1.0,0.07634713990527286,1.0,0.43060934573343845,0.4712046223565585,0.6018199053894553,0.22236437446180352,0.7293282704380444,0.43155735648585786,0.5514248507355418,0.05734383634779833,9
1.0,0.5224829295669254,0.48921937411934874,0.460267894448283,0.6404888292354033,0.41334071877991435,0.44250379300446974,0.6688907568492037,0.6692512558679087,0.5743574065850138,0.20530895534969973,10
1.0,0.4690872101427708,0.12707563521191745,0.5514822446554609,0.6820827323337432,0.9237000343869368,0.6003819658014518,0.6388574930793212,0.11665572862415491,0.458999397149655,0.5738047825557542,0
1.0,0.6187358100696422,0.22209452634991628,0.4605477324561135,0.5756257527715561,0.8183440366546157,0.5660743428876042,0.5420832056481641,0.4858393492567149,0.2348842248438704,0.7058402255463034,1
1.0,0.7028107754185763,0.3692041198891055,0.5332952199265858,0.694008303709533,0.5975246981849274,0.2843080329683849,0.33815369813342827,0.3125410176594195,0.43189721937960057,0.791858602699437,2
1.0,0.7789240737748828,0.665521698830786,0.5075537918763413,0.4054688005544156,0.5000007435013337,0.1337351867798418,0.6633290476769289,0.40289928370873906,0.2414876887661735,0.681415471652164,3
1.0,0.6377052491050246,0.7815299120076146,0.6289863668140249,0.2667248357731655,0.19504828111785427,0.3510171402796573,0.607340969905105,0.7508426306694684,0.20951945747759698,0.4849552747674755,4
1.0,0.6735367896531491,0.795649427031161,0.6133176803406156,0.24054665044054746,0.3744321043875873,0.372300405953992,0.6143857672837213,0.5866484031461423,0.15392635786140457,0.6336277549338253,5
1.0,0.5845437113629985,0.6867007635428053,0.8919963883980344,0.4322285377914804,0.1771094526900808,0.19155082625989267,0.4523540579916079,0.9470658951834481,0.4888813157155148,0.345840787538754,6
1.0,0.23442615283883633,0.8706341520185876,0.6661995226652481,0.0,0.3648312716660936,0.4320209537868538,0.7845747185077014,0.7164528229181093,0.5330091671869202,0.3242471642797598,7
1.0,0.2873551245312539,0.6800225696104144,0.6670390366887399,0.15706911199570828,0.6124313422987203,0.36149997949727325,0.8876530296052688,0.9089673885774725,0.10979814167626722,0.48920300103968595,8
1.0,0.05784602171750236,0.7735162455473857,0.828483555185971,0.37638222947712513,0.6427494679318582,0.15660802886783948,0.6937331262978947,0.5957515719673023,0.10736528654699767,0.5164596348922379,9
1.0,0.6283375566534297,0.4888378105399665,0.6555673088877612,0.3129734502560206,0.517939014303107,0.34339320129577244,0.553206795190706,0.6655425570132923,0.0590686069437204,0.5713269578411996,10
1.0,0.4168623140959685,0.14768131543836172,0.5945711834110887,0.7038978171973206,0.9391109582802815,0.5644862016648216,0.6299586214452877,0.14834795418465424,0.41869350959733465,0.6244241919016886,0
1.0,0.597658608345167,0.22381114681053588,0.5036366712117414,0.5654454633315451,0.8105112501045549,0.5927580268175668,0.5146454746378735,0.4979767631823483,0.22307179068006247,0.7104420070623717,1
1.0,0.7278700861387233,0.36805922132765834,0.46082757046394407,0.7102969755543633,0.6326434260541456,0.30368557018083414,0.383017843966726,0.25084242997144074,0.4047949128870525,0.807787342056705,2
1.0,0.7693216894414163,0.6575078245472569,0.5360931923748729,0.43746417485800404,0.4972215355161294,0.10419280764341665,0.670003201402454,0.3843547859455186,0.3113271503628902,0.5929198317769263,3
1.0,0.6320847611840035,0.7822926235197785,0.6480127017513824,0.2507269398805585,0.1596780639225272,0.3818302784270309,0.5947342921562216,0.7390421887324115,0.23175841362398877,0.44884894579582807,4
1.0,0.6693212642749636,0.7958406244674527,0.5747054811970463,0.3065734569357266,0.3567464381639235,0.3748417189486203,0.6662953952876041,0.5279835267058831,0.1261287353658615,0.722123394809063,5
1.0,0.5861831532044794,0.7002477253739781,0.8995518107944506,0.4604425722712879,0.17433061645554332,0.15152540287858296,0.4175005435536252,0.9312207858933371,0.5375262540252597,0.3408840141247435,6
1.0,0.20374826744670532,0.913566289398102,0.5691095118426711,0.05817397711783212,0.418899078987723,0.42280887358018626,0.7990358129079862,0.7060010717274682,0.4065322374758378,0.31964631941777577,7
1.0,0.273069531721669,0.6615146577773714,0.751817927975852,0.14601628595821425,0.5917136776364094,0.3837364169434536,0.8016311744695859,0.9339181673861692,0.12578118463310872,0.4991144872287215,8
1.0,0.04473176248501287,0.729822435772209,0.8531044083148371,0.3231535309552188,0.6715527095976729,0.24047033255422978,0.708193707104203,0.6486847254752028,0.05628820108169802,0.5001764656294783,9
1.0,0.5962534332191052,0.5546649057105686,0.5884156032618554,0.33042522590974466,0.5371406797460944,0.335134087833682,0.5821277684855313,0.597100194476389,0.003820912685387201,0.6722119086200274,10
1.0,0.3805626652834584,0.17057720843430085,0.5954104936195711,0.7428730667991474,0.9383544456732871,0.5752866281215403,0.6366327751708128,0.15576575328994247,0.3815148063048278,0.6647782471455466,0
1.0,0.5437944830401101,0.2356425272975905,0.5576377636601915,0.5718444129477751,0.8163217130270728,0.5794162873662199,0.4160172841492915,0.46864434503202146,0.24808900731358305,0.7207073611644482,1
1.0,0.6859488864890604,0.3714937091886994,0.472578932457744,0.736765728098392,0.6152101785332578,0.26397773403862723,0.4175005435536252,0.23027690306887355,0.45274505008377697,0.8014162209754314,2
1.0,0.7555037797297641,0.6554090170373541,0.5276992750300118,0.48603878821783353,0.4628606213812396,0.10546397670890234,0.6470145638131957,0.3631149136697434,0.34989562751142955,0.622654290344033,3
1.0,0.620140985195704,0.7828662158286538,0.6166753288045639,0.2556720097356715,0.1349176107584643,0.3904071841554928,0.6147565821348048,0.7505054579828645,0.21647047213265286,0.46867210550471594,4
1.0,0.6548014047499595,0.7233350236295092,0.6161156527889027,0.3874350555146191,0.3095002741661168,0.3506995530405545,0.6818682494491705,0.5192174382502344,0.12578118463310872,0.7260174404990491,5
1.0,0.5702581185534136,0.732112025071803,0.8447113062300134,0.44328157256978723,0.1659941077519308,0.14390043875835495,0.466814467599924,0.9345925127593772,0.4881863858800007,0.3125652145406179,6
1.0,0.19367820001530595,0.9530631076233742,0.442640545735069,0.08202470238778614,0.4969689309380199,0.41899680157460956,0.8698552863372019,0.6584623319906636,0.33217504542831344,0.3005310828657868,7
1.0,0.2585479715308543,0.6571262609678746,0.7534967522078261,0.12681839340546025,0.6217790128161043,0.4618812482060115,0.7189463105976693,0.8057985674174781,0.08408582357724104,0.5805305208733361,8
1.0,0.033256519927551575,0.6473953505771253,0.9269710440016223,0.2830149688036855,0.6829208449892658,0.30686205765366803,0.6840927961596867,0.7734319964837706,0.05455044741793408,0.4863711210812734,9
1.0,0.5618270677970425,0.615912822281983,0.5109114403402896,0.39441597451692156,0.5346140763389995,0.2957438389305779,0.6392281367324124,0.4683071723454174,0.010769781965549619,0.804246789618126,10
1.0,0.3398132243773437,0.18202619404877202,0.6287065288061944,0.732984388274611,0.9797879162445748,0.6181709517365811,0.6551718057450623,0.19217839646289803,0.37109107330960556,0.7061940934593444,0
1.0,0.482201894541713,0.2594923292419853,0.6049237629957546,0.6151835979818938,0.8112696214648836,0.500000615081806,0.37634283425123993,0.4342545372806622,0.2599025141648378,0.7656622612702901,1
1.0,0.6213118936063469,0.38713968635307516,0.5111912783481201,0.7600357364271505,0.5469941170456976,0.25730717185385665,0.4056354955069087,0.2569115383303129,0.5236276573149776,0.742654290344033,2
1.0,0.7496492376765503,0.6559813624064276,0.5207043439092942,0.4758584987778225,0.47675666130726124,0.12071185467667206,0.6080825996072718,0.3449095955734044,0.32036132403956935,0.6530968593988553,3
1.0,0.6112416135917211,0.7649310650112848,0.605763073204237,0.28854033811836854,0.1154620396100336,0.3335457415836307,0.6447900171026795,0.7764663499651789,0.24253034096443185,0.4315039854631285,4
1.0,0.6299769984949107,0.6763975077829826,0.6183539492215285,0.4412453059409722,0.30773185624401717,0.3478404477795548,0.6989241918170784,0.42650016758285325,0.13620556124079908,0.7476091904498748,5
1.0,0.5360660198467699,0.7431786158136906,0.7557350486404519,0.39819710559988974,0.16422457457783068,0.20584532742854805,0.5865771529431503,0.9012144237658577,0.3245308601451561,0.32672555098676503,6
1.0,0.18594867390583408,0.9614570907231834,0.3531054273898838,0.11460288104069816,0.5477521166553593,0.4310679870422767,0.8980344758516672,0.6156436084702597,0.2821401830862935,0.31539765649148105,7
1.0,0.2672128638361918,0.6731538017116326,0.6175146390130462,0.1527064290082933,0.7132389706224036,0.4777643416574405,0.6599920564131624,0.6682397378080966,0.041347810323114964,0.661946367187134,8
1.0,0.030680011224394343,0.6706732227990473,0.9675424597618218,0.2539269365407055,0.6639727135010549,0.3325927748390537,0.6232846389177548,0.7228587025675299,0.08686622943926342,0.488495077882787,9
1.0,0.5341925238730962,0.6273609766032529,0.49999918473996263,0.422630008996729,0.5151598063179026,0.3094033706482963,0.6225430092155879,0.4254886495230412,0.045863824474007775,0.8123881869186889,10
1.0,0.22576126053349876,0.23659643624604615,0.7652483180166354,0.7617808096221165,1.0,0.6315128962151968,0.6021500755839135,0.261294783256165,0.4353718685571711,0.7175216132929947,0
1.0,0.474941964779211,0.27246673788078424,0.5803014423988211,0.631181285133688,0.8130372958856495,0.4456804650018454,0.404152236102575,0.40728232793656344,0.23106331215848316,0.8399988760150987,1
1.0,0.6316164403363916,0.3495513094946153,0.4784547153621487,0.7405476941446114,0.5442149090604932,0.3392635420510929,0.3893213540391598,0.2157784775449012,0.535441593241211,0.7649560240907429,2
1.0,0.7423895204972746,0.6473953505771253,0.5321760717102729,0.522397137745975,0.4287525348748595,0.16836224217820978,0.5691503957241589,0.35704580531087127,0.2842250584078315,0.6842471642797597,3
1.0,0.6021081878555454,0.7590143356512558,0.5993278180991805,0.2958128680361456,0.12076878037899985,0.28113154549555097,0.6718571044598789,0.7569113376322851,0.3189713356460475,0.39256577653306846,4
1.0,0.581265040263263,0.6445332080851577,0.5545599939670757,0.40285098202115377,0.40272920752051605,0.40533726985689106,0.6247677271240963,0.29871894448893255,0.17720582083116115,0.8159287393572678,5
1.0,0.5119443010688685,0.7603506394722951,0.6547277948642694,0.3528220714185817,0.1988382791661633,0.2763665067453972,0.7048567158404366,0.8064729127906861,0.19075815403362661,0.36389329636671874,6
1.0,0.18641848283603024,0.956116031905033,0.32848253611092426,0.12565570707819218,0.5798390319612636,0.44822175749374676,0.9314043884893319,0.5775452423529035,0.25851252577131595,0.3299101748733175,7
1.0,0.2751762314946301,0.6515929655969308,0.5965298456508934,0.18760998031574133,0.7488638370245078,0.4714111001763236,0.5650717747582257,0.6068776605032303,0.05455044741793408,0.6690259734177569,8
1.0,0.012412734585590113,0.7178017282585654,0.9935635220048875,0.2629445396534485,0.6263273822247419,0.3179802763767582,0.5513528921332811,0.7113954333170769,0.09068714212465062,0.5065481487032023,9
1.0,0.5395789576619245,0.6231633615834473,0.44292038374289955,0.4223390243036928,0.5401724923094081,0.37071226473120933,0.5583977066316966,0.3860406493785386,0.10667018508149206,0.7670784822457217,10
1.0,0.12271791906531404,0.3205487366421574,0.9445990041598644,0.7885392944143046,0.9461853734700136,0.585134087833682,0.5250272632802563,0.30175349866836865,0.4384989670019888,0.6984065640718226,0
1.0,0.49531668523226835,0.2627364509599358,0.5693893090874999,0.6183831771604152,0.8069740425096888,0.41867921433550676,0.4601404850723911,0.4133510348993801,0.20708874772322095,0.8463718704045408,1
1.0,0.6461362998613958,0.296316539825179,0.4706204740329487,0.6945900643547925,0.5977773027630369,0.31670951736580977,0.531330602154698,0.18240038855138174,0.42911745713004623,0.85345110197353,2
1.0,0.7330209777127745,0.6328942719741967,0.5500832584313173,0.5308322746695111,0.4204150038569132,0.1826567433468652,0.5546898833970475,0.3813222387463599,0.2623347256816393,0.7451326770510381,3
1.0,0.5978926624773598,0.7656937765234486,0.5889751977515129,0.2725424422257615,0.12304203570665156,0.28653175872391035,0.6722277481129701,0.733984799131379,0.3592771373833721,0.4007073611644483,4
1.0,0.5220145449443456,0.6248806055139677,0.43984257328678195,0.4173943719302054,0.5462361174360357,0.4091493418624678,0.5216902720164898,0.20364026082715692,0.30750495045256687,0.8297331472513885,5
1.0,0.49484830060968865,0.7248614857703386,0.607441897436211,0.2690522958358295,0.26402289984107663,0.3513347275187601,0.7348899796103192,0.7215102125191417,0.21473271846888886,0.34442456656332243,6
1.0,0.18922883308815397,0.9303563338307237,0.43144865594192083,0.09104230550052916,0.5477521166553593,0.3907249764218642,0.9417858347357302,0.5944029554791566,0.3794301455207791,0.37486676095651106,7
1.0,0.23676881999302724,0.6630411199182007,0.6091207216681851,0.2486917169558075,0.7819607988921831,0.48316459589125366,0.4482754370256746,0.4794332689092665,0.23384371802050555,0.6477871547258881,8
1.0,0.0,0.7284867554210708,0.9252936464747137,0.2658522991756825,0.6503294640284762,0.3325927748390537,0.6169813000433131,0.7360078352510031,0.06254196889635483,0.4870790442381723,9
1.0,0.5758786064744347,0.5823312786536375,0.49496291585904967,0.3792908239626103,0.5351194713705518,0.3885012506663387,0.6147565821348048,0.452798031553744,0.04655892593951333,0.6941586504687952,10
