f1,f2,f3,f4,f5,f6,f7,f8,f9,f10,f11,f12,f13,f14,f15,f16,f17,f18,f19,f20,f21,f22,f23,f24,f25,f26,f27,f28,clase
0.8000006212067563,0.0,0.028925959972842575,0.015873005304898262,0.9999999999999999,0.0,0.21428580930637056,0.5714285714285714,1.0,1.0,0.0,1.0,1.0,0.9999999999999999,0.0,0.14285728146955773,0.0,0.0,0.0,0.0,0.01999994900430465,0.0,0.0,1.0,0.0,0.0,0.8333313776453126,0.142857175522546,2
0.40000093181013435,0.0,0.0012944934894478129,0.00297617880421127,0.555553828880454,0.0,0.0,0.2857148429228935,1.0,0.0,0.0,1.0,0.0,0.9999999999999999,0.0,0.0,0.0,0.0,0.0,0.0,0.01999994900430465,0.0,0.0,0.0,1.0,0.0,0.0,0.0,6
0.6000006212067562,0.0,0.10659753656667921,0.019841249790800132,0.7777761374364314,0.39999958466413865,0.0,0.2857148429228935,1.0,1.0,0.0,0.0,1.0,0.0,0.0,0.14285728146955773,0.0,0.0,0.0,0.0,0.01999994900430465,1.0000000000000002,0.0,0.0,0.0,0.0,0.16666598217585946,0.571428930748006,2
1.0,0.6666669573943013,0.0,0.0,0.0,0.0,0.0,0.5714285714285714,1.0,0.0,1.0,1.0,1.0,0.0,1.0,0.28571456293911546,0.0,0.0,0.0,0.0,0.0,0.0,1.0,1.0,1.0,0.0,0.333332639064086,0.0,1
0.40000093181013435,0.0,0.0,0.0,0.555553828880454,0.6000004153358613,0.0,0.2857148429228935,1.0,0.0,1.0,1.0,0.0,0.0,0.0,0.4285718444086732,0.0,0.0,0.0,0.0,0.0,0.0,0.0,0.0,0.0,0.0,0.333332639064086,0.0,0
0.6000006212067562,0.33333347869715063,0.05566467366224205,0.006944478012694728,0.9999999999999999,0.0,0.14285709534681468,0.2857148429228935,1.0,0.0,0.0,1.0,0.0,0.9999999999999999,0.0,0.0,0.0,0.0,0.0,0.0,0.01999994900430465,0.0,0.0,1.0,0.0,0.0,0.0,0.7142851916392641,5
0.0,1.0,0.0,0.0,0.0,0.0,0.07142854767340734,0.2857148429228935,0.0,0.0,1.0,0.0,1.0,0.0,1.0,0.5714291258782309,0.0,0.0,0.0,0.0,0.0,0.0,0.0,0.0,1.0,0.0,0.6666656888226563,0.285714351045092,1
0.0,1.0,0.0,0.0,0.0,0.0,0.07142854767340734,0.5714285714285714,1.0,0.0,1.0,1.0,1.0,0.9999999999999999,0.0,0.0,0.0,0.0,0.0,0.0,0.01999994900430465,0.0,1.0,0.0,0.0,0.0,0.8333313776453126,0.0,1
0.20000062120675627,0.6666669573943013,0.12396204550515771,0.02777774788303413,0.11110960027039735,0.0,0.21428580930637056,0.14285714285714285,0.0,0.0,1.0,0.0,1.0,0.0,0.0,0.28571456293911546,0.0,0.0,0.0,0.0,0.0,0.0,0.0,0.0,0.0,0.0,0.333332639064086,0.285714351045092,0
0.20000062120675627,0.6666669573943013,0.12396204550515771,0.02777774788303413,0.11110960027039735,0.0,0.21428580930637056,0.2857148429228935,0.0,0.0,1.0,1.0,1.0,0.0,0.0,0.28571456293911546,0.0,0.0,0.0,0.0,0.01999994900430465,0.0,0.0,0.0,0.0,0.0,0.333332639064086,0.285714351045092,0
1.0,0.33333347869715063,0.343272771815045,0.01488094874363793,0.0,0.0,0.0,0.2857148429228935,1.0,0.0,1.0,0.0,1.0,0.0,0.0,0.28571456293911546,0.0,0.499999229226498,1.0,0.24999986379384267,0.11999981711888563,0.0,0.0,0.0,0.0,0.0,0.6666656888226563,0.285714351045092,1
0.40000093181013435,0.0,0.0037496508898940163,0.007936507212664265,0.33333152032447677,0.0,0.21428580930637056,0.14285714285714285,1.0,0.0,0.0,0.0,1.0,0.0,0.0,0.0,0.0,0.0,0.0,0.0,0.0,0.0,0.0,0.0,0.0,0.0,0.0,0.0,0
0.0,1.0,0.0008481364739966503,0.0,0.0,0.0,0.21428580930637056,0.2857148429228935,0.0,0.0,1.0,1.0,0.0,0.9999999999999999,0.0,0.28571456293911546,0.0,0.0,0.0,0.0,0.0,0.0,1.0,0.0,0.0,0.0,0.333332639064086,0.285714351045092,1
0.8000006212067563,0.0,4.46744646380795e-05,0.0,0.7777761374364314,0.0,0.0,0.14285714285714285,1.0,0.0,0.0,0.0,1.0,0.0,0.0,0.0,0.0,0.0,0.0,0.0,0.0,0.0,0.0,0.0,0.0,0.0,0.6666656888226563,0.0,2
0.8000006212067563,0.0,0.0063833123334277216,0.08928554653494333,0.555553828880454,0.0,0.0,0.14285714285714285,1.0,1.0,0.0,0.0,0.0,0.0,0.0,0.14285728146955773,0.2499994790408888,0.0,0.0,0.0,0.0,0.0,0.0,0.0,0.0,0.0,0.16666598217585946,0.142857175522546,2
0.0,1.0,0.0,0.0,0.0,0.6000004153358613,0.0,0.2857148429228935,0.0,0.0,1.0,1.0,0.0,0.9999999999999999,0.0,0.28571456293911546,0.0,0.0,0.0,0.0,0.0,0.0,0.0,1.0,0.0,0.0,0.333332639064086,0.285714351045092,1
0.40000093181013435,0.0,0.0013837455109915672,0.009920656816905994,0.555553828880454,0.6000004153358613,0.0,0.2857148429228935,1.0,0.0,0.0,1.0,0.0,0.9999999999999999,0.0,0.4285718444086732,0.0,0.0,0.0,0.0,0.0,0.0,0.0,0.0,0.0,0.0,0.8333313776453126,0.0,0
0.0,1.0,0.0010266405170841555,0.0,0.0,0.0,0.14285709534681468,1.0,1.0,1.0,1.0,1.0,1.0,0.9999999999999999,1.0,0.28571456293911546,0.2499994790408888,0.0,0.0,0.0,0.0,0.0,0.0,1.0,1.0,0.9999999999999999,0.0,0.0,1
0.6000006212067562,0.0,0.005044144379341829,0.00297617880421127,0.22222075454838597,0.0,0.0,0.14285714285714285,1.0,1.0,0.0,0.0,0.0,0.0,0.0,0.14285728146955773,0.0,0.0,0.0,0.0,0.01999994900430465,0.0,0.0,0.0,0.0,0.0,0.16666598217585946,0.142857175522546,5
0.0,1.0,0.0,0.0,0.0,0.0,0.0,0.7142857142857143,1.0,1.0,1.0,1.0,1.0,0.9999999999999999,0.0,0.0,0.2499994790408888,0.499999229226498,1.0,0.24999986379384267,0.0,0.0,0.0,1.0,1.0,0.0,0.6666656888226563,0.0,1
0.8000006212067563,0.0,0.0020980524065387883,0.0009921204042721947,0.9999999999999999,0.0,0.0,0.4285718000438338,1.0,0.0,0.0,0.0,1.0,0.9999999999999999,1.0,0.8571446591042505,1.0,0.0,0.0,0.0,0.0,0.0,0.0,0.0,1.0,0.0,1.0000000000000002,0.0,3
0.20000062120675627,0.6666669573943013,0.04905808591335635,0.0059523576084225364,0.11110960027039735,0.0,0.21428580930637056,0.2857148429228935,1.0,1.0,0.0,1.0,0.0,0.0,0.0,0.0,0.0,0.0,0.0,0.0,0.0,0.0,0.0,0.0,0.0,0.0,0.0,0.142857175522546,0
0.6000006212067562,0.33333347869715063,0.02678330093707839,0.0009921204042721947,0.9999999999999999,0.0,0.3571427383670367,0.2857148429228935,0.0,0.0,1.0,0.0,1.0,0.9999999999999999,0.0,0.28571456293911546,0.0,0.0,0.0,0.0,0.0,0.0,0.0,0.0,0.0,0.0,0.333332639064086,0.285714351045092,5
0.20000062120675627,0.6666669573943013,0.379965915612359,0.11805530537708646,0.555553828880454,0.0,0.0,0.4285718000438338,0.0,1.0,1.0,1.0,1.0,0.0,0.0,0.14285728146955773,0.2499994790408888,0.0,0.0,0.0,0.4399995638988812,0.0,0.0,0.0,0.0,0.9999999999999999,0.16666598217585946,0.142857175522546,0
0.0,1.0,0.0,0.0,0.0,0.0,0.0,0.7142857142857143,1.0,1.0,1.0,1.0,1.0,0.0,1.0,0.28571456293911546,0.0,0.499999229226498,1.0,0.24999986379384267,0.0,0.0,0.0,1.0,1.0,0.9999999999999999,0.6666656888226563,0.285714351045092,1
0.8000006212067563,0.0,0.0002678529723636608,0.0,0.9999999999999999,0.0,0.0,0.4285718000438338,1.0,0.0,0.0,1.0,1.0,0.9999999999999999,0.0,0.4285718444086732,0.0,0.0,0.0,0.0,0.0,0.0,1.0,1.0,1.0,0.9999999999999999,0.6666656888226563,0.42857129790981596,2
0.40000093181013435,0.0,0.004954892357798075,0.008928536412633803,0.44444283000322454,0.0,0.21428580930637056,0.5714285714285714,1.0,1.0,1.0,1.0,1.0,0.0,0.0,0.0,0.0,0.0,0.0,0.0,0.01999994900430465,0.0,0.0,1.0,1.0,0.0,0.6666656888226563,0.0,6
0.6000006212067562,1.0,0.012231015629860526,0.006944478012694728,0.22222075454838597,0.0,0.14285709534681468,0.2857148429228935,1.0,1.0,0.0,1.0,0.0,0.0,0.0,0.0,0.0,0.0,0.0,0.0,0.01999994900430465,0.0,0.0,0.0,0.0,0.0,0.0,0.142857175522546,5
0.8000006212067563,0.0,0.030265127926928467,0.03472220765486833,0.9999999999999999,0.0,0.0,0.2857148429228935,1.0,0.0,1.0,0.0,1.0,0.0,0.0,0.0,0.0,0.0,0.0,0.24999986379384267,0.2799996905088834,0.0,0.0,1.0,1.0,0.0,0.333332639064086,0.0,3
0.6000006212067562,0.33333347869715063,0.001249915932542138,0.003968299208483461,0.9999999999999999,0.0,0.0,0.2857148429228935,1.0,1.0,0.0,0.0,1.0,0.0,0.0,0.0,0.2499994790408888,0.0,1.0,0.0,0.05999986459763648,0.0,0.0,0.0,0.0,0.0,0.6666656888226563,0.571428930748006,5
0.6000006212067562,0.0,0.021158834293010607,0.007936507212664265,0.22222075454838597,0.6000004153358613,0.0,0.2857148429228935,1.0,1.0,0.0,1.0,0.0,0.0,0.0,0.4285718444086732,0.0,0.0,0.0,0.0,0.01999994900430465,0.0,0.0,0.0,0.0,0.0,0.16666598217585946,0.42857129790981596,1
0.0,1.0,0.4453175831134012,0.02380950157304621,0.0,0.39999958466413865,0.0,0.14285714285714285,1.0,0.0,0.0,0.0,1.0,0.0,0.0,0.0,0.0,0.0,0.0,0.0,0.0,0.0,0.0,0.0,1.0,0.0,0.0,0.0,1
0.6000006212067562,1.0,0.00017850404308750178,0.0,0.555553828880454,0.20000020766793067,0.14285709534681468,0.5714285714285714,1.0,1.0,0.0,1.0,0.0,0.9999999999999999,1.0,0.4285718444086732,0.0,0.0,0.0,0.0,0.01999994900430465,0.0,0.0,0.0,1.0,0.0,0.0,0.142857175522546,0
0.0,1.0,0.0,0.0,0.0,0.0,0.0,0.7142857142857143,1.0,1.0,1.0,1.0,1.0,0.0,1.0,0.28571456293911546,0.2499994790408888,0.499999229226498,1.0,0.24999986379384267,0.07999984877138622,0.0,0.0,1.0,1.0,0.9999999999999999,0.6666656888226563,0.285714351045092,1
0.6000006212067562,0.0,0.027809989908028746,0.0019841496042417306,0.9999999999999999,0.20000020766793067,0.0,0.5714285714285714,1.0,1.0,1.0,1.0,1.0,0.0,0.0,0.4285718444086732,0.0,0.0,0.0,0.0,0.01999994900430465,0.0,0.0,0.0,0.0,0.0,0.333332639064086,0.42857129790981596,5
0.6000006212067562,0.0,0.05731627214559728,0.003968299208483461,0.22222075454838597,0.6000004153358613,0.0,0.2857148429228935,1.0,0.0,1.0,1.0,0.0,0.0,0.0,0.4285718444086732,0.0,0.0,0.0,0.0,0.0,0.0,0.0,0.0,0.0,0.0,0.333332639064086,0.0,5
0.20000062120675627,0.6666669573943013,0.033791600309096906,0.010912686016875532,0.11110960027039735,0.0,0.14285709534681468,0.2857148429228935,1.0,0.0,1.0,0.0,1.0,0.0,0.0,0.0,0.0,0.0,0.0,0.24999986379384267,0.01999994900430465,0.0,0.0,0.0,0.0,0.0,0.333332639064086,0.0,0
0.8000006212067563,0.0,0.4267917319097975,1.0,0.6666649831584427,0.0,0.0,0.14285714285714285,1.0,0.0,0.0,1.0,0.0,0.0,0.0,0.0,0.0,0.0,0.0,0.0,0.09999983294513592,0.0,0.0,0.0,0.0,0.0,0.0,0.0,6
0.20000062120675627,1.0,0.050843610882893395,0.02777774788303413,0.11110960027039735,0.0,0.21428580930637056,0.2857148429228935,1.0,0.0,1.0,1.0,0.0,0.0,0.0,0.4285718444086732,0.0,0.0,0.0,0.0,0.0,0.0,0.0,0.0,0.0,0.0,0.4999994132935939,0.0,0
0.6000006212067562,0.33333347869715063,8.925202154374742e-05,0.0,0.22222075454838597,0.0,0.0,0.14285714285714285,0.0,1.0,0.0,0.0,1.0,0.0,0.0,0.14285728146955773,0.0,0.0,0.0,0.0,0.07999984877138622,1.0000000000000002,0.0,0.0,0.0,0.0,0.16666598217585946,0.142857175522546,2
0.6000006212067562,0.33333347869715063,0.015266456531939723,0.0019841496042417306,0.9999999999999999,0.0,0.0,0.2857148429228935,1.0,1.0,0.0,1.0,0.0,0.0,0.0,0.0,0.0,0.0,0.0,0.0,0.01999994900430465,0.0,0.0,1.0,1.0,0.0,0.0,0.0,5
1.0,0.6666669573943013,0.0,0.0,0.0,0.0,0.0,0.4285718000438338,1.0,0.0,1.0,0.0,1.0,0.0,0.0,0.28571456293911546,0.2499994790408888,0.499999229226498,1.0,0.24999986379384267,0.2999996746826331,0.0,0.0,0.0,0.0,0.0,0.6666656888226563,0.285714351045092,1
0.0,1.0,0.0022765564496262936,0.0019841496042417306,0.11110960027039735,0.0,0.3571427383670367,0.2857148429228935,1.0,0.0,1.0,0.0,1.0,0.0,0.0,0.28571456293911546,0.0,0.0,0.0,0.0,0.0,0.0,0.0,0.0,0.0,0.0,0.333332639064086,0.285714351045092,0
0.0,1.0,0.005133493308617985,0.009920656816905994,0.11110960027039735,0.0,0.3571427383670367,0.2857148429228935,1.0,0.0,1.0,0.0,1.0,0.0,0.0,0.28571456293911546,0.0,0.0,0.0,0.0,0.01999994900430465,0.0,1.0,0.0,0.0,0.0,0.333332639064086,0.285714351045092,6
0.40000093181013435,0.0,0.0004017794585454877,0.0009921204042721947,0.555553828880454,0.0,0.0,0.2857148429228935,0.0,1.0,0.0,1.0,1.0,0.0,0.0,0.5714291258782309,0.0,0.0,0.0,0.0,0.0,0.0,0.0,1.0,1.0,0.0,0.6666656888226563,0.571428930748006,1
0.40000093181013435,0.0,0.005713776810250978,0.01488094874363793,0.44444283000322454,0.0,0.0,0.2857148429228935,1.0,0.0,1.0,0.0,1.0,0.0,0.0,0.5714291258782309,0.0,0.0,0.0,0.0,0.0,0.0,1.0,0.0,0.0,0.0,0.6666656888226563,0.0,6
0.40000093181013435,0.0,0.0019194514557188819,0.004960328408452997,0.555553828880454,0.0,0.0,0.14285714285714285,1.0,0.0,0.0,0.0,1.0,0.0,0.0,0.0,0.0,0.499999229226498,0.0,0.0,0.0,0.0,0.0,0.0,0.0,0.0,0.0,0.0,1
0.6000006212067562,0.0,0.0009820629601784807,0.0,0.22222075454838597,0.0,0.0,0.4285718000438338,1.0,1.0,1.0,0.0,1.0,0.0,0.0,0.28571456293911546,0.0,0.0,0.0,0.0,0.01999994900430465,0.0,1.0,0.0,0.0,0.0,0.6666656888226563,0.142857175522546,2
0.0,1.0,0.0,0.0,0.0,0.0,0.0,0.7142857142857143,1.0,1.0,1.0,1.0,1.0,0.9999999999999999,0.0,0.14285728146955773,0.2499994790408888,0.0,0.0,0.0,0.19999975381388452,0.0,0.0,0.0,1.0,0.0,0.16666598217585946,0.142857175522546,1
0.0,1.0,0.002187304428082539,0.0059523576084225364,0.11110960027039735,0.0,0.0,0.2857148429228935,1.0,0.0,1.0,0.0,1.0,0.0,0.0,0.28571456293911546,0.0,0.499999229226498,0.0,0.0,0.0,0.0,0.0,0.0,0.0,0.0,0.333332639064086,0.285714351045092,0
0.20000062120675627,0.6666669573943013,0.012677469553044093,0.007936507212664265,0.11110960027039735,0.0,0.21428580930637056,0.2857148429228935,1.0,0.0,1.0,1.0,0.0,0.0,0.0,0.4285718444086732,0.0,0.0,0.0,0.0,0.0,0.0,0.0,0.0,0.0,0.0,0.4999994132935939,0.0,0
0.6000006212067562,0.0,0.044683477057191265,0.0466269228717134,0.7777761374364314,0.0,0.21428580930637056,0.4285718000438338,1.0,0.0,0.0,1.0,1.0,0.9999999999999999,0.0,0.7142868924912408,0.0,0.0,0.0,0.0,0.0,0.0,0.0,0.0,1.0,0.9999999999999999,0.0,0.7142851916392641,2
0.0,1.0,0.0009373884955404047,0.004960328408452997,0.11110960027039735,0.0,0.21428580930637056,0.14285714285714285,0.0,0.0,1.0,0.0,1.0,0.0,0.0,0.28571456293911546,0.0,0.0,0.0,0.0,0.0,0.0,0.0,0.0,0.0,0.0,0.333332639064086,0.285714351045092,0
0.6000006212067562,0.0,0.001249915932542138,0.0,0.9999999999999999,0.0,0.21428580930637056,0.4285718000438338,1.0,1.0,1.0,0.0,1.0,0.0,0.0,0.14285728146955773,0.0,0.0,0.0,0.0,0.0,0.0,1.0,0.0,0.0,0.0,0.16666598217585946,0.0,5
0.6000006212067562,0.0,0.05454868421588174,0.030753935807675666,0.9999999999999999,0.0,0.21428580930637056,0.2857148429228935,1.0,1.0,0.0,1.0,0.0,0.0,0.0,0.14285728146955773,0.0,0.0,0.0,0.0,0.0,0.0,0.0,0.0,0.0,0.0,0.16666598217585946,0.0,1
0.40000093181013435,1.0,4.46744646380795e-05,0.0,0.555553828880454,0.0,0.0,0.2857148429228935,1.0,0.0,1.0,0.0,1.0,0.0,0.0,0.5714291258782309,0.0,0.499999229226498,0.0,0.0,0.0,0.0,0.0,0.0,0.0,0.0,0.6666656888226563,0.571428930748006,1
0.20000062120675627,0.6666669573943013,0.00053560903699491,0.0,0.0,0.0,0.0,0.7142857142857143,1.0,1.0,1.0,1.0,1.0,0.0,0.0,0.28571456293911546,0.2499994790408888,0.499999229226498,1.0,0.24999986379384267,0.0,0.0,0.0,1.0,1.0,0.9999999999999999,0.6666656888226563,0.285714351045092,1
1.0,0.33333347869715063,0.0008034620093585743,0.0009921204042721947,0.0,0.0,0.0,0.8571428571428572,1.0,1.0,1.0,1.0,1.0,0.0,1.0,0.28571456293911546,0.0,0.9999999999999999,1.0,0.24999986379384267,0.0,0.0,0.0,1.0,1.0,0.0,0.6666656888226563,0.285714351045092,1
0.40000093181013435,0.0,0.015043278024214141,0.004960328408452997,0.8888884572201134,0.0,0.0,0.14285714285714285,0.0,0.0,1.0,0.0,1.0,0.0,0.0,0.5714291258782309,0.0,0.499999229226498,0.0,0.0,0.0,0.0,0.0,0.0,0.0,0.0,0.6666656888226563,0.571428930748006,1
0.40000093181013435,0.0,0.02441744401204214,0.05357140088440812,0.22222075454838597,0.6000004153358613,0.0,0.2857148429228935,1.0,0.0,1.0,0.0,1.0,0.0,0.0,0.5714291258782309,0.0,0.0,0.0,0.0,0.0,0.0,0.0,0.0,0.0,0.0,0.333332639064086,0.0,0
0.20000062120675627,1.0,0.0040620814191633485,0.0,0.22222075454838597,0.6000004153358613,0.0,0.2857148429228935,1.0,0.0,1.0,0.0,1.0,0.0,0.0,0.5714291258782309,0.0,0.0,0.0,0.0,0.0,0.0,0.0,0.0,0.0,0.0,0.333332639064086,0.0,0
1.0,0.6666669573943013,0.00017850404308750178,0.0,0.22222075454838597,0.0,0.21428580930637056,0.5714285714285714,1.0,0.0,1.0,1.0,1.0,0.9999999999999999,0.0,0.0,0.2499994790408888,0.0,0.0,0.0,0.01999994900430465,0.0,0.0,1.0,0.0,0.0,0.0,0.0,0
0.6000006212067562,0.33333347869715063,0.011963162657496869,0.0009921204042721947,0.9999999999999999,0.0,0.21428580930637056,0.2857148429228935,0.0,1.0,1.0,1.0,0.0,0.0,0.0,0.14285728146955773,0.0,0.0,0.0,0.0,0.0,0.0,0.0,0.0,0.0,0.0,0.16666598217585946,0.285714351045092,5
0.6000006212067562,1.0,0.0004463570154511626,0.0009921204042721947,0.0,0.0,0.3571427383670367,0.4285718000438338,1.0,1.0,1.0,0.0,1.0,0.0,0.0,0.0,0.0,0.0,0.0,0.0,0.0,0.0,0.0,0.0,0.0,0.0,0.0,0.142857175522546,5
0.40000093181013435,0.0,0.004820965871616248,0.016865070986588862,0.33333152032447677,0.0,0.21428580930637056,0.2857148429228935,1.0,0.0,0.0,1.0,0.0,0.9999999999999999,0.0,0.4285718444086732,0.0,0.0,0.0,0.0,0.0,0.0,0.0,1.0,0.0,0.0,0.8333313776453126,0.42857129790981596,6
0.40000093181013435,0.0,0.011115026183500215,0.060515787692800194,0.33333152032447677,0.0,0.21428580930637056,0.2857148429228935,1.0,0.0,0.0,1.0,0.0,0.9999999999999999,0.0,0.7142868924912408,0.0,0.0,0.0,0.0,0.0,0.0,0.0,0.0,0.0,0.0,0.8333313776453126,0.42857129790981596,1
0.6000006212067562,1.0,0.010668669168049053,0.0138888648210868,0.0,0.0,0.21428580930637056,0.4285718000438338,1.0,1.0,0.0,1.0,0.0,0.9999999999999999,0.0,0.0,0.0,0.0,0.0,0.0,0.01999994900430465,0.0,0.0,0.0,0.0,0.0,0.0,0.142857175522546,5
0.40000093181013435,1.0,0.0,0.0,0.0,0.0,0.07142854767340734,0.2857148429228935,1.0,0.0,0.0,1.0,1.0,0.0,0.0,0.5714291258782309,0.0,0.0,0.0,0.0,0.0,0.0,0.0,1.0,0.0,0.0,0.6666656888226563,0.0,1
0.40000093181013435,0.0,0.005892280853338483,0.009920656816905994,0.555553828880454,0.0,0.6428572616329631,0.14285714285714285,0.0,0.0,1.0,0.0,1.0,0.0,0.0,0.28571456293911546,0.0,0.499999229226498,0.0,0.24999986379384267,0.0,0.0,0.0,0.0,0.0,0.0,0.333332639064086,0.285714351045092,1
0.0,1.0,0.09713410886653422,0.0,0.555553828880454,0.0,0.0,0.14285714285714285,1.0,0.0,0.0,0.0,1.0,0.0,0.0,0.5714291258782309,0.2499994790408888,0.0,0.0,0.0,0.0,0.0,0.0,0.0,0.0,0.0,0.6666656888226563,0.0,1
0.0,1.0,0.0,0.0,0.0,0.0,0.0,0.2857148429228935,1.0,1.0,0.0,1.0,0.0,0.0,0.0,0.4285718444086732,0.2499994790408888,0.0,0.0,0.0,0.13999980129263537,0.0,1.0,0.0,1.0,0.0,0.0,0.0,1
1.0,0.0,0.0,0.0,0.0,0.0,0.0,0.8571428571428572,1.0,1.0,1.0,1.0,1.0,0.0,1.0,0.28571456293911546,0.0,0.0,0.0,0.0,0.0,0.0,0.0,1.0,1.0,0.9999999999999999,0.0,0.0,1
0.0,1.0,0.004865640336254324,0.007936507212664265,0.11110960027039735,0.6000004153358613,0.0,0.14285714285714285,0.0,0.0,1.0,0.0,1.0,0.0,0.0,0.28571456293911546,0.0,0.0,0.0,0.0,0.0,0.0,0.0,0.0,0.0,0.0,0.333332639064086,0.285714351045092,0
0.6000006212067562,1.0,0.010981099697318388,0.0059523576084225364,0.22222075454838597,0.6000004153358613,0.0,0.2857148429228935,1.0,1.0,0.0,1.0,0.0,0.0,0.0,0.4285718444086732,0.0,0.0,0.0,0.0,0.0,0.0,0.0,0.0,0.0,0.0,0.0,0.142857175522546,2
0.6000006212067562,1.0,0.0016070209264495497,0.0009921204042721947,0.555553828880454,0.20000020766793067,0.14285709534681468,0.4285718000438338,1.0,1.0,0.0,1.0,0.0,0.9999999999999999,0.0,0.4285718444086732,0.0,0.0,0.0,0.0,0.01999994900430465,0.0,0.0,0.0,0.0,0.0,0.0,0.142857175522546,5
0.20000062120675627,1.0,0.009597354186326824,0.0009921204042721947,0.0,0.0,0.0,0.5714285714285714,1.0,1.0,0.0,1.0,1.0,0.9999999999999999,0.0,0.14285728146955773,0.0,0.0,0.0,0.0,0.0,0.0,1.0,0.0,0.0,0.0,0.8333313776453126,0.142857175522546,4
0.0,1.0,0.001249915932542138,0.0059523576084225364,0.22222075454838597,0.39999958466413865,0.0,0.14285714285714285,1.0,0.0,0.0,0.0,0.0,0.9999999999999999,0.0,0.7142868924912408,0.0,0.0,0.0,0.0,0.0,0.0,0.0,0.0,0.0,0.0,0.8333313776453126,0.0,0
0.0,1.0,0.004999566822436158,0.003968299208483461,0.11110960027039735,0.0,0.21428580930637056,0.14285714285714285,0.0,0.0,1.0,0.0,1.0,0.0,0.0,0.28571456293911546,0.0,0.0,0.0,0.0,0.09999983294513592,0.0,0.0,0.0,0.0,0.0,0.333332639064086,0.285714351045092,0
0.8000006212067563,0.0,4.46744646380795e-05,0.004960328408452997,0.6666649831584427,0.0,0.0,0.7142857142857143,1.0,1.0,1.0,1.0,1.0,0.0,1.0,0.28571456293911546,0.2499994790408888,0.499999229226498,1.0,0.24999986379384267,0.0,0.0,0.0,1.0,1.0,0.9999999999999999,0.6666656888226563,0.285714351045092,3
0.40000093181013435,0.0,0.004151430348439504,0.010912686016875532,0.8888884572201134,0.0,0.21428580930637056,0.2857148429228935,1.0,1.0,0.0,0.0,1.0,0.0,0.0,0.0,0.0,0.0,0.0,0.0,0.0,0.0,0.0,0.0,0.0,0.0,0.0,0.142857175522546,6
0.40000093181013435,1.0,0.004597787363890667,0.0,0.555553828880454,0.0,0.0,0.2857148429228935,1.0,0.0,1.0,0.0,1.0,0.0,0.0,0.28571456293911546,0.0,0.499999229226498,0.0,0.0,0.0,0.0,0.0,0.0,0.0,0.0,0.333332639064086,0.285714351045092,1
0.8000006212067563,0.0,0.145879473527424,0.6785705002419194,0.555553828880454,0.0,0.21428580930637056,0.4285718000438338,0.0,1.0,1.0,0.0,1.0,0.0,1.0,0.8571446591042505,0.2499994790408888,0.0,0.0,0.0,0.0,0.0,0.0,1.0,0.0,0.0,1.0000000000000002,0.142857175522546,4
1.0,0.33333347869715063,0.08499234525821743,0.15575369183616608,0.9999999999999999,0.0,0.14285709534681468,0.14285714285714285,1.0,0.0,0.0,0.0,1.0,0.0,0.0,0.0,0.0,0.0,0.0,0.0,0.0,0.0,0.0,0.0,0.0,0.0,0.0,0.571428930748006,2
0.8000006212067563,0.0,0.07356479163771548,0.038690415659049134,0.555553828880454,0.0,0.21428580930637056,0.2857148429228935,1.0,1.0,0.0,0.0,1.0,0.0,0.0,0.0,0.0,0.0,0.0,0.0,0.0,0.0,0.0,1.0,0.0,0.9999999999999999,0.16666598217585946,0.0,2
0.8000006212067563,0.0,0.019417886880379227,0.0138888648210868,0.7777761374364314,0.0,0.21428580930637056,0.4285718000438338,1.0,1.0,0.0,0.0,1.0,0.9999999999999999,0.0,0.0,0.0,0.0,0.0,0.0,0.05999986459763648,0.0,0.0,0.0,0.0,0.0,0.0,0.7142851916392641,2
0.40000093181013435,1.0,0.0031246929236229473,0.00297617880421127,0.0,0.6000004153358613,0.0,0.2857148429228935,0.0,1.0,0.0,0.0,1.0,0.0,1.0,0.5714291258782309,0.0,0.0,0.0,0.0,0.0,0.0,0.0,0.0,0.0,0.0,0.16666598217585946,0.8571437391087421,0
0.8000006212067563,0.0,0.0009373884955404047,0.003968299208483461,0.9999999999999999,0.0,0.14285709534681468,0.14285714285714285,0.0,0.0,1.0,0.0,1.0,0.0,0.0,0.5714291258782309,0.0,0.0,0.0,0.0,0.01999994900430465,0.0,0.0,0.0,0.0,0.0,0.333332639064086,0.285714351045092,7
0.40000093181013435,0.0,0.013436257097764588,0.056547579688619384,0.555553828880454,0.6000004153358613,0.0,0.2857148429228935,1.0,1.0,0.0,0.0,1.0,0.0,0.0,0.5714291258782309,0.0,0.0,0.0,0.0,0.0,0.0,0.0,0.0,0.0,0.0,0.16666598217585946,0.0,0
0.6000006212067562,1.0,0.014418320057943069,0.006944478012694728,0.22222075454838597,0.6000004153358613,0.0,0.2857148429228935,1.0,1.0,0.0,0.0,1.0,0.0,0.0,0.5714291258782309,0.0,0.0,0.0,0.0,0.0,0.0,0.0,0.0,0.0,0.0,0.0,0.142857175522546,5
0.0,1.0,0.0004910314800892421,0.0019841496042417306,0.0,0.0,0.0,0.2857148429228935,0.0,1.0,0.0,1.0,0.0,0.9999999999999999,0.0,0.14285728146955773,0.0,0.0,1.0,0.0,0.0,0.0,1.0,0.0,0.0,0.0,0.4999994132935939,0.42857129790981596,1
0.8000006212067563,0.0,0.016605624486025615,0.11706300256420897,0.8888884572201134,0.0,0.0,0.14285714285714285,1.0,0.0,0.0,0.0,1.0,0.0,0.0,0.5714291258782309,0.2499994790408888,0.0,0.0,0.0,0.01999994900430465,0.0,0.0,0.0,0.0,0.0,0.6666656888226563,0.571428930748006,7
0.8000006212067563,0.0,0.004374608856165085,0.0019841496042417306,0.7777761374364314,0.0,0.21428580930637056,0.4285718000438338,1.0,1.0,0.0,0.0,1.0,0.9999999999999999,0.0,0.7142868924912408,0.0,0.0,0.0,0.0,0.01999994900430465,0.0,1.0,0.0,0.0,0.0,0.8333313776453126,0.142857175522546,2
0.8000006212067563,0.0,0.008079585281421022,0.0059523576084225364,0.9999999999999999,0.0,0.0,0.14285714285714285,1.0,0.0,0.0,1.0,0.0,0.0,0.0,0.0,0.0,0.0,0.0,0.0,0.0,0.0,0.0,1.0,0.0,0.0,0.0,0.0,3
0.6000006212067562,0.0,0.026024435866171973,0.016865070986588862,0.9999999999999999,0.0,0.3571427383670367,0.4285718000438338,1.0,1.0,0.0,0.0,1.0,0.9999999999999999,0.0,0.0,0.2499994790408888,0.0,0.0,0.0,0.0,0.0,0.0,1.0,0.0,0.0,0.8333313776453126,0.142857175522546,5
1.0,0.0,0.0,0.0,0.0,0.0,0.0,0.4285718000438338,1.0,0.0,1.0,1.0,1.0,0.0,0.0,0.0,0.0,0.0,0.0,0.0,0.01999994900430465,0.0,0.0,1.0,1.0,0.0,0.0,0.285714351045092,1
0.8000006212067563,0.0,0.0008034620093585743,0.0019841496042417306,0.7777761374364314,0.0,0.21428580930637056,0.4285718000438338,1.0,1.0,0.0,0.0,1.0,0.9999999999999999,0.0,0.14285728146955773,0.0,0.0,0.0,0.0,0.0,0.0,0.0,0.0,0.0,0.0,0.16666598217585946,0.0,2
0.8000006212067563,0.0,0.010534742681867226,0.00297617880421127,0.9999999999999999,0.0,0.21428580930637056,0.2857148429228935,1.0,0.0,1.0,0.0,1.0,0.0,0.0,0.0,0.2499994790408888,0.0,0.0,0.0,0.0,0.0,0.0,0.0,0.0,0.0,0.0,0.0,6
0.8000006212067563,0.0,0.0004463570154511626,0.00297617880421127,0.7777761374364314,0.0,0.14285709534681468,0.4285718000438338,1.0,1.0,0.0,0.0,1.0,0.0,1.0,0.0,0.0,0.0,0.0,0.0,0.0,0.0,0.0,0.0,1.0,0.0,0.0,0.0,2
0.6000006212067562,0.33333347869715063,0.001339167954085889,0.0009921204042721947,0.9999999999999999,0.39999958466413865,0.0,0.4285718000438338,1.0,1.0,1.0,0.0,1.0,0.0,0.0,0.28571456293911546,0.0,0.0,0.0,0.0,0.0,0.0,0.0,1.0,0.0,0.0,0.16666598217585946,0.285714351045092,5
0.6000006212067562,1.0,0.004954892357798075,0.0009921204042721947,0.9999999999999999,0.0,0.7857136918351837,0.2857148429228935,1.0,0.0,1.0,0.0,1.0,0.0,0.0,0.0,0.0,0.0,0.0,0.24999986379384267,0.01999994900430465,0.0,0.0,0.0,0.0,0.0,0.333332639064086,0.0,5
0.6000006212067562,0.0,0.07856435846015164,0.00297617880421127,0.7777761374364314,0.0,0.0,0.0,0.0,1.0,0.0,0.0,0.0,0.0,0.0,0.14285728146955773,0.0,0.0,0.0,0.0,0.0,0.0,0.0,0.0,0.0,0.0,0.16666598217585946,0.142857175522546,2
0.40000093181013435,0.0,0.0,0.0,0.33333152032447677,0.0,0.14285709534681468,0.2857148429228935,1.0,0.0,1.0,1.0,0.0,0.0,0.0,0.0,0.0,0.0,0.0,0.0,0.0,0.0,0.0,1.0,0.0,0.0,0.333332639064086,0.0,0
0.40000093181013435,0.0,0.0001339264861818304,0.0,0.33333152032447677,0.0,0.21428580930637056,0.2857148429228935,1.0,0.0,1.0,0.0,1.0,0.0,0.0,0.0,0.0,0.0,0.0,0.0,0.0,0.0,0.0,0.0,0.0,0.0,0.0,0.285714351045092,0
0.6000006212067562,0.33333347869715063,0.026202998053898918,0.008928536412633803,0.9999999999999999,0.20000020766793067,0.14285709534681468,0.2857148429228935,1.0,1.0,0.0,0.0,1.0,0.0,0.0,0.0,0.0,0.0,0.0,0.0,0.0,0.0,0.0,0.0,0.0,0.0,0.6666656888226563,0.142857175522546,1
0.6000006212067562,0.33333347869715063,0.005267419794799815,0.0059523576084225364,0.9999999999999999,0.0,0.21428580930637056,0.2857148429228935,1.0,1.0,0.0,0.0,0.0,0.9999999999999999,0.0,0.0,0.0,0.0,0.0,0.0,0.01999994900430465,0.0,0.0,0.0,0.0,0.0,0.8333313776453126,0.142857175522546,5
0.8000006212067563,0.0,0.014864677073394231,0.012896835621117262,0.9999999999999999,0.0,0.9999999999999998,0.4285718000438338,1.0,0.0,1.0,1.0,1.0,0.0,0.0,0.0,0.0,0.0,0.0,0.24999986379384267,0.01999994900430465,1.0000000000000002,0.0,0.0,0.0,0.0,0.333332639064086,0.571428930748006,2
0.8000006212067563,0.0,0.0,0.0,0.9999999999999999,0.0,0.0,0.2857148429228935,1.0,1.0,0.0,0.0,1.0,0.0,0.0,0.0,0.0,0.0,0.0,0.0,0.0,1.0000000000000002,0.0,0.0,0.0,0.0,0.0,0.0,2
0.6000006212067562,1.0,0.05535214622524032,0.006944478012694728,0.22222075454838597,0.6000004153358613,0.0,0.2857148429228935,1.0,1.0,0.0,1.0,0.0,0.0,0.0,0.4285718444086732,0.0,0.0,0.0,0.0,0.0,0.0,0.0,0.0,0.0,0.0,0.16666598217585946,0.0,2
0.40000093181013435,0.0,0.0,0.0,0.9999999999999999,0.39999958466413865,0.0,0.2857148429228935,1.0,0.0,0.0,0.0,1.0,0.9999999999999999,0.0,0.0,0.0,0.499999229226498,0.0,0.0,0.0,0.0,0.0,1.0,0.0,0.0,0.6666656888226563,0.0,0
1.0,0.0,0.0,0.0,0.9999999999999999,0.0,0.0,0.2857148429228935,0.0,0.0,1.0,0.0,1.0,0.0,0.0,0.28571456293911546,0.0,0.0,0.0,0.0,0.01999994900430465,0.0,0.0,1.0,0.0,0.0,0.333332639064086,0.285714351045092,1
0.6000006212067562,1.0,0.046022645011277154,0.0019841496042417306,0.7777761374364314,0.0,0.0,0.14285714285714285,0.0,1.0,0.0,1.0,0.0,0.0,0.0,0.14285728146955773,0.0,0.0,0.0,0.0,0.01999994900430465,1.0000000000000002,0.0,0.0,0.0,0.0,0.16666598217585946,0.142857175522546,2
0.6000006212067562,0.33333347869715063,8.925202154374742e-05,0.0009921204042721947,0.0,0.0,0.2857145232659264,0.4285718000438338,1.0,1.0,1.0,1.0,0.0,0.0,0.0,0.0,0.0,0.0,0.0,0.0,0.0,0.0,0.0,0.0,0.0,0.0,0.0,0.142857175522546,4
0.0,1.0,0.0880724606249347,0.07638880211812873,0.11110960027039735,0.6000004153358613,0.0,0.4285718000438338,1.0,1.0,0.0,0.0,1.0,0.0,1.0,0.14285728146955773,0.0,0.0,0.0,0.0,0.0,0.0,0.0,0.0,1.0,0.0,0.16666598217585946,0.0,0
1.0,0.0,4.46744646380795e-05,0.0,0.9999999999999999,0.0,0.0,0.14285714285714285,0.0,0.0,1.0,0.0,1.0,0.0,0.0,0.28571456293911546,0.0,0.0,0.0,0.0,0.07999984877138622,0.0,0.0,0.0,0.0,0.0,0.333332639064086,0.285714351045092,1
0.40000093181013435,0.0,0.0,0.0,0.22222075454838597,0.0,0.14285709534681468,0.14285714285714285,1.0,0.0,0.0,0.0,1.0,0.0,0.0,0.0,0.0,0.0,0.0,0.0,0.0,0.0,0.0,0.0,0.0,0.0,0.0,0.571428930748006,0
0.8000006212067563,0.0,0.06990439276936522,0.0019841496042417306,0.9999999999999999,0.6000004153358613,0.0,0.2857148429228935,1.0,0.0,1.0,1.0,0.0,0.0,0.0,0.0,0.4999996526939258,0.0,0.0,0.0,0.01999994900430465,1.0000000000000002,1.0,1.0,0.0,0.0,0.0,0.0,6
0.0,1.0,0.0,0.0,0.0,0.0,0.0,0.8571428571428572,1.0,1.0,1.0,1.0,1.0,0.9999999999999999,0.0,0.28571456293911546,0.0,0.9999999999999999,1.0,0.24999986379384267,0.0,0.0,0.0,1.0,1.0,0.0,0.6666656888226563,0.285714351045092,1
0.6000006212067562,1.0,0.019953592825106545,0.019841249790800132,0.7777761374364314,0.0,0.0,0.14285714285714285,1.0,1.0,0.0,0.0,0.0,0.0,0.0,0.0,0.0,0.0,0.0,0.0,0.01999994900430465,0.0,0.0,0.0,0.0,0.0,0.0,0.0,2
0.6000006212067562,0.33333347869715063,0.03495220607545585,0.011904715216845071,0.9999999999999999,0.0,0.3571427383670367,0.5714285714285714,1.0,1.0,0.0,1.0,1.0,0.9999999999999999,0.0,0.4285718444086732,0.0,0.0,0.0,0.0,0.01999994900430465,0.0,1.0,1.0,0.0,0.0,0.16666598217585946,0.42857129790981596,5
1.0,0.33333347869715063,0.0,0.0,0.9999999999999999,0.0,0.21428580930637056,0.2857148429228935,0.0,0.0,1.0,1.0,1.0,0.0,0.0,0.28571456293911546,0.0,0.0,0.0,0.0,0.01999994900430465,0.0,0.0,0.0,0.0,0.0,0.333332639064086,0.285714351045092,1
0.8000006212067563,0.0,0.006249385847245891,0.015873005304898262,0.9999999999999999,0.0,0.0,0.2857148429228935,0.0,0.0,1.0,0.0,1.0,0.0,1.0,1.0,0.0,0.0,0.0,0.0,0.039999968347499436,1.0000000000000002,0.0,0.0,0.0,0.0,0.333332639064086,0.285714351045092,4
0.40000093181013435,0.0,0.001830199434175131,0.0138888648210868,0.555553828880454,0.0,0.21428580930637056,0.2857148429228935,1.0,0.0,1.0,0.0,1.0,0.0,0.0,0.0,0.0,0.0,0.0,0.0,0.0,0.0,0.0,0.0,0.0,0.0,0.0,0.285714351045092,1
0.0,1.0,0.0,0.0,0.555553828880454,0.0,0.07142854767340734,0.2857148429228935,1.0,0.0,1.0,0.0,1.0,0.0,0.0,0.5714291258782309,0.0,0.0,0.0,0.0,0.11999981711888563,0.0,0.0,0.0,0.0,0.0,0.6666656888226563,0.571428930748006,1
1.0,0.33333347869715063,0.011963162657496869,0.0019841496042417306,0.0,0.0,0.0,0.2857148429228935,1.0,0.0,1.0,0.0,1.0,0.0,0.0,0.28571456293911546,0.0,0.499999229226498,1.0,0.24999986379384267,0.07999984877138622,0.0,0.0,0.0,0.0,0.0,0.6666656888226563,0.285714351045092,1
0.0,1.0,0.005713776810250978,0.00297617880421127,0.11110960027039735,0.0,0.21428580930637056,0.14285714285714285,0.0,0.0,1.0,0.0,1.0,0.0,0.0,0.28571456293911546,0.0,0.0,0.0,0.0,0.0,0.0,0.0,0.0,0.0,0.0,0.333332639064086,0.285714351045092,0
0.6000006212067562,0.0,0.056557387693144376,0.004960328408452997,0.22222075454838597,0.0,0.21428580930637056,0.2857148429228935,0.0,1.0,0.0,0.0,1.0,0.0,1.0,0.8571446591042505,0.2499994790408888,0.0,0.0,0.0,0.0,0.0,0.0,0.0,0.0,0.0,1.0000000000000002,0.142857175522546,2
0.6000006212067562,0.0,0.04129093116120466,0.0555554592843472,0.9999999999999999,0.6000004153358613,0.0,0.14285714285714285,0.0,1.0,0.0,0.0,1.0,0.0,0.0,0.14285728146955773,0.0,0.0,0.0,0.0,0.0,0.0,0.0,0.0,0.0,0.0,0.16666598217585946,0.142857175522546,2
1.0,0.6666669573943013,0.0,0.0,0.0,0.0,0.0,0.4285718000438338,1.0,0.0,1.0,1.0,1.0,0.0,0.0,0.4285718444086732,0.2499994790408888,0.499999229226498,1.0,0.24999986379384267,0.09999983294513592,0.0,0.0,0.0,0.0,0.0,0.6666656888226563,0.42857129790981596,1
0.8000006212067563,0.0,0.005401249373249237,0.017857127547849197,0.9999999999999999,0.0,0.3571427383670367,0.2857148429228935,1.0,0.0,1.0,0.0,1.0,0.0,0.0,0.28571456293911546,0.2499994790408888,0.0,0.0,0.0,0.01999994900430465,0.0,0.0,0.0,0.0,0.0,0.333332639064086,0.285714351045092,6
0.8000006212067563,0.0,0.008704543247692095,0.008928536412633803,0.7777761374364314,0.0,0.21428580930637056,0.4285718000438338,1.0,1.0,0.0,0.0,1.0,0.9999999999999999,0.0,0.0,0.0,0.0,0.0,0.0,0.01999994900430465,0.0,0.0,0.0,0.0,0.0,0.0,0.7142851916392641,2
0.40000093181013435,0.0,0.014462994522581148,0.003968299208483461,0.555553828880454,0.0,0.0,0.2857148429228935,1.0,0.0,1.0,0.0,1.0,0.0,0.0,0.0,0.0,0.499999229226498,0.0,0.0,0.0,0.0,0.0,0.0,0.0,0.0,0.0,0.0,1
0.8000006212067563,0.0,0.00946342770014499,0.0009921204042721947,0.7777761374364314,0.0,0.14285709534681468,0.2857148429228935,1.0,1.0,0.0,0.0,1.0,0.0,0.0,0.0,0.0,0.0,0.0,0.0,0.0,0.0,0.0,1.0,0.0,0.0,0.0,0.142857175522546,2
0.8000006212067563,0.0,0.03588962364331597,0.08333318892652081,0.555553828880454,0.20000020766793067,0.0,0.14285714285714285,0.0,1.0,0.0,0.0,1.0,0.0,0.0,0.14285728146955773,0.0,0.0,0.0,0.0,0.01999994900430465,1.0000000000000002,0.0,0.0,0.0,0.0,0.6666656888226563,0.142857175522546,2
0.20000062120675627,1.0,0.0033925458959866046,0.0019841496042417306,0.11110960027039735,0.0,0.0,0.2857148429228935,1.0,0.0,1.0,0.0,1.0,0.0,0.0,0.0,0.0,0.0,0.0,1.0,0.039999968347499436,0.0,0.0,0.0,0.0,0.0,0.6666656888226563,0.571428930748006,0
1.0,0.33333347869715063,0.020667802812921368,0.00297617880421127,0.0,0.0,0.0,0.4285718000438338,1.0,0.0,0.0,1.0,1.0,0.9999999999999999,0.0,0.7142868924912408,0.0,0.0,0.0,0.0,0.09999983294513592,0.0,1.0,0.0,1.0,0.0,0.0,0.7142851916392641,5
0.20000062120675627,0.6666669573943013,0.018167970947837085,0.00297617880421127,0.11110960027039735,0.0,0.21428580930637056,0.7142857142857143,1.0,1.0,1.0,1.0,1.0,0.9999999999999999,0.0,0.0,0.2499994790408888,0.0,0.0,0.0,0.01999994900430465,0.0,0.0,1.0,1.0,0.9999999999999999,0.0,0.285714351045092,0
0.20000062120675627,0.6666669573943013,0.05736094661023536,0.0138888648210868,0.11110960027039735,0.6000004153358613,0.0,0.14285714285714285,1.0,0.0,0.0,0.0,1.0,0.0,0.0,0.0,0.0,0.0,0.0,0.0,0.0,0.0,0.0,0.0,0.0,0.0,0.0,0.0,0
1.0,0.0,0.013391679540858917,0.04761895207168293,0.9999999999999999,0.0,0.0,0.4285718000438338,1.0,0.0,1.0,1.0,1.0,0.0,0.0,0.28571456293911546,0.0,0.0,0.0,0.0,0.07999984877138622,0.0,1.0,0.0,0.0,0.0,0.333332639064086,0.0,0
0.40000093181013435,0.0,0.013971963042491906,0.035714236854837864,0.44444283000322454,0.0,0.14285709534681468,0.14285714285714285,1.0,0.0,0.0,0.0,1.0,0.0,0.0,0.5714291258782309,0.0,0.0,0.0,0.0,0.0,0.0,0.0,0.0,0.0,0.0,0.6666656888226563,0.0,6
0.40000093181013435,1.0,0.0041067558838014245,0.009920656816905994,0.555553828880454,0.0,0.0,0.5714285714285714,1.0,1.0,1.0,1.0,1.0,0.0,0.0,0.0,0.2499994790408888,0.0,0.0,0.0,0.0,0.0,0.0,1.0,0.0,0.0,0.16666598217585946,0.0,0
0.0,1.0,0.0004017794585454877,0.00297617880421127,0.11110960027039735,0.0,0.3571427383670367,0.2857148429228935,1.0,0.0,1.0,0.0,1.0,0.0,0.0,0.0,0.0,0.0,0.0,0.0,0.01999994900430465,0.0,1.0,0.0,0.0,0.0,0.0,0.0,0
0.8000006212067563,0.0,0.0004910314800892421,0.0,0.7777761374364314,0.0,0.0,0.14285714285714285,0.0,0.0,0.0,0.0,1.0,0.0,1.0,1.0,0.0,0.0,0.0,0.0,0.0,0.0,0.0,0.0,0.0,0.0,0.6666656888226563,1.0,2
0.40000093181013435,0.0,0.010579417146505302,0.02182538115418133,0.555553828880454,0.6000004153358613,0.0,0.8571428571428572,1.0,1.0,1.0,1.0,1.0,0.0,1.0,0.0,0.0,0.0,0.0,0.0,0.039999968347499436,0.0,0.0,1.0,1.0,0.9999999999999999,0.333332639064086,0.0,6
0.6000006212067562,0.33333347869715063,0.001160567003265986,0.004960328408452997,0.9999999999999999,0.6000004153358613,0.0,0.4285718000438338,1.0,1.0,0.0,1.0,0.0,0.9999999999999999,0.0,0.0,0.0,0.0,0.0,0.0,0.0,0.0,0.0,0.0,0.0,0.9999999999999999,0.0,0.142857175522546,5
0.40000093181013435,0.0,0.0,0.0,0.555553828880454,0.0,0.14285709534681468,0.14285714285714285,0.0,0.0,1.0,0.0,1.0,0.0,0.0,0.5714291258782309,0.0,0.0,0.0,0.0,0.0,0.0,0.0,0.0,0.0,0.0,0.6666656888226563,0.285714351045092,0
0.6000006212067562,0.0,0.0,0.0,0.555553828880454,0.0,0.21428580930637056,0.4285718000438338,1.0,1.0,0.0,1.0,0.0,0.9999999999999999,0.0,0.14285728146955773,0.0,0.0,0.0,0.0,0.039999968347499436,0.0,1.0,0.0,0.0,0.0,0.16666598217585946,0.142857175522546,0
0.8000006212067563,0.0,0.09597354186326823,0.008928536412633803,0.7777761374364314,0.0,0.0,0.14285714285714285,0.0,1.0,0.0,0.0,1.0,0.0,0.0,0.14285728146955773,0.0,0.0,0.0,0.0,0.0,0.0,0.0,1.0,0.0,0.9999999999999999,0.16666598217585946,0.142857175522546,2
0.6000006212067562,1.0,0.00874921771233017,0.0059523576084225364,0.22222075454838597,0.6000004153358613,0.0,0.2857148429228935,1.0,1.0,0.0,1.0,0.0,0.0,0.0,0.14285728146955773,0.0,0.0,0.0,0.0,0.01999994900430465,0.0,0.0,0.0,0.0,0.0,0.16666598217585946,0.0,2
0.6000006212067562,0.33333347869715063,0.0,0.0,0.0,0.0,0.0,0.2857148429228935,1.0,1.0,0.0,0.0,1.0,0.0,0.0,0.0,0.0,0.0,0.0,0.0,0.0,0.0,0.0,0.0,0.0,0.0,0.0,0.142857175522546,1
0.6000006212067562,1.0,0.003213944945166698,0.00297617880421127,0.0,0.0,0.21428580930637056,0.2857148429228935,0.0,1.0,1.0,0.0,1.0,0.0,0.0,0.14285728146955773,0.0,0.0,0.0,0.0,0.0,0.0,0.0,0.0,0.0,0.0,0.16666598217585946,0.285714351045092,5
0.8000006212067563,0.0,4.46744646380795e-05,0.00297617880421127,0.6666649831584427,0.0,0.14285709534681468,0.14285714285714285,1.0,0.0,0.0,0.0,1.0,0.0,0.0,0.5714291258782309,0.0,0.0,0.0,0.0,0.09999983294513592,1.0000000000000002,0.0,0.0,0.0,0.0,0.0,0.571428930748006,3
1.0,0.33333347869715063,0.001339167954085889,0.0,0.0,0.0,0.0,0.4285718000438338,0.0,1.0,1.0,1.0,1.0,0.0,0.0,0.14285728146955773,0.0,0.0,0.0,0.0,0.09999983294513592,0.0,1.0,0.0,0.0,0.0,0.333332639064086,0.142857175522546,1
0.6000006212067562,0.0,0.028434938183526576,0.004960328408452997,0.9999999999999999,0.0,0.0,0.14285714285714285,0.0,0.0,1.0,0.0,1.0,0.0,0.0,0.28571456293911546,0.0,0.0,0.0,0.0,0.01999994900430465,0.0,0.0,0.0,0.0,0.0,0.333332639064086,0.285714351045092,2
0.6000006212067562,0.33333347869715063,0.054504009751243664,0.02876981356472473,0.555553828880454,0.0,0.21428580930637056,0.5714285714285714,1.0,1.0,1.0,0.0,1.0,0.0,1.0,0.8571446591042505,0.0,0.499999229226498,1.0,0.0,0.0,0.0,0.0,0.0,0.0,0.0,1.0000000000000002,0.285714351045092,1
0.8000006212067563,0.0,0.00441918641307076,0.038690415659049134,0.9999999999999999,0.0,0.0,0.4285718000438338,1.0,0.0,1.0,0.0,1.0,0.9999999999999999,0.0,0.5714291258782309,0.2499994790408888,0.0,0.0,0.0,0.0,0.0,0.0,1.0,0.0,0.0,0.6666656888226563,0.571428930748006,7
0.8000006212067563,0.0,0.012855973596131599,0.0019841496042417306,0.7777761374364314,0.0,0.21428580930637056,0.4285718000438338,1.0,0.0,1.0,0.0,1.0,0.9999999999999999,0.0,0.0,0.0,0.0,0.0,0.0,0.01999994900430465,0.0,1.0,0.0,0.0,0.0,0.0,0.7142851916392641,2
0.40000093181013435,1.0,0.022542608876321896,0.037698386459079594,0.11110960027039735,0.0,0.21428580930637056,0.14285714285714285,1.0,0.0,0.0,1.0,0.0,0.0,0.0,0.0,0.0,0.0,0.0,0.0,0.0,0.0,0.0,0.0,0.0,0.0,0.0,0.0,0
0.8000006212067563,0.0,0.002946188880535442,0.01488094874363793,0.9999999999999999,0.39999958466413865,0.0,0.4285718000438338,0.0,1.0,0.0,1.0,0.0,0.0,1.0,0.4285718444086732,0.0,0.0,0.0,0.0,0.0,0.0,0.0,1.0,1.0,0.0,0.4999994132935939,0.42857129790981596,3
0.6000006212067562,0.6666669573943013,0.0,0.0,0.0,0.0,0.0,0.8571428571428572,1.0,1.0,1.0,1.0,1.0,0.0,1.0,0.28571456293911546,0.0,0.499999229226498,1.0,0.24999986379384267,0.0,0.0,0.0,1.0,0.0,0.0,0.6666656888226563,0.285714351045092,1
0.0,1.0,0.0,0.0,0.0,0.0,0.0,0.5714285714285714,1.0,1.0,0.0,1.0,1.0,0.9999999999999999,0.0,0.14285728146955773,0.0,0.0,0.0,0.0,0.039999968347499436,0.0,1.0,0.0,0.0,0.0,0.16666598217585946,0.0,1
0.0,1.0,0.0,0.0,0.0,0.0,0.0,0.4285718000438338,0.0,0.0,1.0,1.0,1.0,0.9999999999999999,0.0,0.28571456293911546,0.0,0.0,0.0,0.0,0.0,0.0,1.0,0.0,0.0,0.0,0.333332639064086,0.285714351045092,1
0.0,1.0,0.0,0.0,0.0,1.0,0.0,0.4285718000438338,0.0,1.0,1.0,1.0,1.0,0.0,0.0,0.14285728146955773,0.0,0.0,0.0,0.0,0.0,0.0,0.0,1.0,1.0,0.9999999999999999,0.333332639064086,0.142857175522546,1
0.6000006212067562,0.0,0.11186495636147901,0.019841249790800132,0.7777761374364314,0.0,0.21428580930637056,0.4285718000438338,1.0,1.0,0.0,0.0,1.0,0.9999999999999999,0.0,0.0,0.0,0.0,0.0,0.0,0.0,0.0,1.0,0.0,0.0,0.0,0.0,0.7142851916392641,2
0.20000062120675627,1.0,0.002812262394353615,0.0,0.555553828880454,0.0,0.3571427383670367,0.4285718000438338,1.0,1.0,0.0,1.0,1.0,0.0,0.0,0.0,0.0,0.0,0.0,0.0,0.01999994900430465,0.0,0.0,0.0,0.0,0.0,0.16666598217585946,0.142857175522546,1
0.6000006212067562,0.33333347869715063,0.0007588844524528994,0.0009921204042721947,0.9999999999999999,0.0,0.3571427383670367,0.8571428571428572,1.0,0.0,1.0,1.0,1.0,0.9999999999999999,1.0,0.28571456293911546,0.0,0.0,0.0,0.0,0.0,0.0,0.0,1.0,0.0,0.0,0.333332639064086,0.285714351045092,1
0.40000093181013435,0.0,0.020087519311288375,0.007936507212664265,0.555553828880454,0.0,0.0,0.14285714285714285,0.0,0.0,1.0,1.0,0.0,0.0,0.0,0.28571456293911546,0.0,0.499999229226498,0.0,0.0,0.0,0.0,0.0,0.0,0.0,0.0,0.333332639064086,0.285714351045092,1
0.40000093181013435,0.0,0.001830199434175131,0.0059523576084225364,0.33333152032447677,0.0,0.0,0.14285714285714285,1.0,0.0,0.0,0.0,1.0,0.0,0.0,0.0,0.0,0.499999229226498,0.0,0.0,0.0,0.0,0.0,0.0,0.0,0.0,0.0,0.0,1
0.8000006212067563,0.0,0.008258186232240929,0.009920656816905994,0.7777761374364314,0.0,0.21428580930637056,0.4285718000438338,1.0,1.0,0.0,0.0,1.0,0.9999999999999999,0.0,0.0,0.0,0.0,0.0,0.0,0.039999968347499436,0.0,0.0,0.0,0.0,0.0,0.0,0.7142851916392641,2
0.8000006212067563,0.0,0.0016070209264495497,0.017857127547849197,0.6666649831584427,0.0,0.0,0.2857148429228935,1.0,0.0,1.0,0.0,1.0,0.0,0.0,0.0,0.2499994790408888,0.0,0.0,0.24999986379384267,0.01999994900430465,0.0,0.0,0.0,0.0,0.0,0.333332639064086,0.0,3
0.6000006212067562,0.33333347869715063,0.04218374209983938,0.017857127547849197,0.9999999999999999,0.0,0.0,0.4285718000438338,0.0,1.0,1.0,1.0,0.0,0.9999999999999999,0.0,0.14285728146955773,0.0,0.0,0.0,0.0,0.0,0.0,1.0,0.0,0.0,0.0,0.16666598217585946,0.285714351045092,5
0.8000006212067563,0.0,0.02294435926254766,0.04861107247595513,0.9999999999999999,0.0,0.3571427383670367,0.2857148429228935,1.0,0.0,1.0,0.0,1.0,0.0,0.0,0.0,0.0,0.0,0.0,0.0,0.0,0.0,0.0,0.0,0.0,0.0,0.0,0.0,3
0.6000006212067562,0.0,0.002544409421989951,0.0019841496042417306,0.22222075454838597,0.0,0.3571427383670367,0.4285718000438338,1.0,1.0,0.0,1.0,1.0,0.0,0.0,0.14285728146955773,0.0,0.0,0.0,0.24999986379384267,0.01999994900430465,0.0,0.0,0.0,0.0,0.0,0.0,0.142857175522546,7
1.0,0.33333347869715063,4.46744646380795e-05,0.0,0.9999999999999999,0.0,0.0,0.14285714285714285,1.0,0.0,0.0,0.0,1.0,0.0,0.0,0.0,0.0,0.499999229226498,0.0,0.24999986379384267,0.0,0.0,0.0,0.0,0.0,0.0,0.6666656888226563,0.0,1
0.20000062120675627,1.0,0.0002231785077255813,0.0009921204042721947,0.0,0.0,0.0,0.2857148429228935,1.0,0.0,0.0,0.0,1.0,0.9999999999999999,0.0,0.0,0.0,0.0,0.0,0.0,0.0,0.0,1.0,0.0,0.0,0.0,0.6666656888226563,0.571428930748006,1
0.6000006212067562,0.0,0.007320797736700527,0.006944478012694728,0.7777761374364314,0.0,0.0,0.14285714285714285,1.0,0.0,0.0,0.0,1.0,0.0,0.0,0.0,0.2499994790408888,0.0,0.0,0.0,0.01999994900430465,1.0000000000000002,0.0,0.0,0.0,0.0,0.0,0.0,2
0.8000006212067563,0.0,0.03486293467236562,0.044642773267471667,0.8888884572201134,0.0,0.0,0.14285714285714285,1.0,0.0,0.0,0.0,1.0,0.0,0.0,0.0,0.0,0.0,0.0,0.0,0.01999994900430465,1.0000000000000002,0.0,0.0,0.0,0.0,0.0,0.0,2
0.0,1.0,0.0,0.0,0.0,0.0,0.0,0.7142857142857143,1.0,1.0,1.0,1.0,1.0,0.0,1.0,0.28571456293911546,0.0,0.499999229226498,1.0,0.24999986379384267,0.0,0.0,0.0,1.0,1.0,0.0,0.6666656888226563,0.285714351045092,1
1.0,0.33333347869715063,0.0,0.0,0.0,0.0,0.0,0.5714285714285714,1.0,0.0,1.0,1.0,1.0,0.0,0.0,0.28571456293911546,0.0,0.499999229226498,1.0,0.24999986379384267,0.1799997696401348,0.0,0.0,0.0,0.0,0.0,0.6666656888226563,0.285714351045092,1
0.8000006212067563,0.0,0.0037496508898940163,0.0009921204042721947,0.7777761374364314,0.20000020766793067,0.21428580930637056,0.4285718000438338,1.0,1.0,0.0,0.0,1.0,0.9999999999999999,0.0,0.14285728146955773,0.0,0.0,0.0,0.0,0.0,0.0,0.0,0.0,0.0,0.0,0.0,0.7142851916392641,2
0.6000006212067562,0.0,0.010534742681867226,0.012896835621117262,0.9999999999999999,0.0,0.428570953468147,0.5714285714285714,1.0,0.0,0.0,1.0,1.0,0.9999999999999999,0.0,0.4285718444086732,0.2499994790408888,0.0,0.0,0.0,0.0,0.0,0.0,0.0,1.0,0.0,0.8333313776453126,0.0,5
0.40000093181013435,1.0,0.010936522140412713,0.0555554592843472,0.0,0.0,0.0,0.2857148429228935,1.0,0.0,1.0,0.0,1.0,0.0,0.0,0.0,0.0,0.499999229226498,1.0,0.0,0.0,0.0,0.0,0.0,0.0,0.0,0.6666656888226563,0.0,1
0.20000062120675627,0.6666669573943013,0.007945658795239195,0.00297617880421127,0.11110960027039735,0.0,0.6428572616329631,0.2857148429228935,0.0,0.0,1.0,1.0,1.0,0.0,0.0,0.5714291258782309,0.0,0.0,0.0,0.24999986379384267,0.01999994900430465,0.0,0.0,0.0,0.0,0.0,0.6666656888226563,0.571428930748006,0
0.0,1.0,0.0,0.0,0.0,0.0,0.0,0.7142857142857143,1.0,1.0,1.0,1.0,1.0,0.0,0.0,0.5714291258782309,0.0,0.0,0.0,0.0,0.0,0.0,0.0,1.0,1.0,0.9999999999999999,0.6666656888226563,0.571428930748006,1
0.0,1.0,0.41795374671458563,0.22916585912857027,0.0,0.0,0.9285717848988895,0.2857148429228935,1.0,0.0,1.0,0.0,1.0,0.0,0.0,0.5714291258782309,0.0,0.0,0.0,0.24999986379384267,0.9999999999999999,0.0,0.0,0.0,0.0,0.0,0.333332639064086,0.0,1
0.8000006212067563,0.0,1.0,0.2718248476090108,0.44444283000322454,0.0,0.0,0.14285714285714285,1.0,0.0,0.0,1.0,0.0,0.0,0.0,0.0,0.0,0.0,0.0,0.0,0.01999994900430465,0.0,0.0,1.0,0.0,0.0,0.0,0.0,6
1.0,0.33333347869715063,0.0006695355231767439,0.0,0.555553828880454,0.0,0.0,0.4285718000438338,1.0,1.0,0.0,1.0,0.0,0.9999999999999999,0.0,0.0,0.0,0.0,0.0,0.0,0.0,0.0,1.0,0.0,1.0,0.0,0.8333313776453126,0.142857175522546,1
0.40000093181013435,0.0,0.0,0.0,0.555553828880454,0.39999958466413865,0.0,0.4285718000438338,1.0,0.0,0.0,1.0,1.0,0.9999999999999999,0.0,0.4285718444086732,0.0,0.0,0.0,0.0,0.0,0.0,0.0,1.0,0.0,0.0,0.4999994132935939,0.571428930748006,0
0.20000062120675627,1.0,0.040710618587251945,0.01488094874363793,0.11110960027039735,0.0,0.21428580930637056,0.8571428571428572,1.0,1.0,1.0,1.0,1.0,0.9999999999999999,1.0,0.0,0.0,0.0,0.0,0.0,0.13999980129263537,0.0,0.0,1.0,1.0,0.0,0.4999994132935939,0.0,0
0.8000006212067563,0.0,0.014864677073394231,0.05952375849283066,0.9999999999999999,0.0,0.0,0.14285714285714285,1.0,0.0,0.0,1.0,0.0,0.0,0.0,0.0,0.0,0.0,0.0,0.0,0.01999994900430465,0.0,0.0,0.0,0.0,0.0,0.0,0.0,6
1.0,0.6666669573943013,0.0001339264861818304,0.0,0.0,0.0,0.0,0.2857148429228935,1.0,0.0,1.0,0.0,1.0,0.0,0.0,0.0,0.0,0.0,0.0,0.24999986379384267,0.09999983294513592,0.0,0.0,0.0,0.0,0.0,0.333332639064086,0.0,1
0.40000093181013435,0.0,0.011427553620501955,0.02182538115418133,0.555553828880454,0.0,0.21428580930637056,0.4285718000438338,1.0,0.0,1.0,1.0,1.0,0.0,0.0,0.0,0.0,0.0,0.0,0.0,0.01999994900430465,0.0,0.0,0.0,0.0,0.0,0.333332639064086,0.0,6
0.6000006212067562,0.33333347869715063,0.04039814929488965,0.02777774788303413,0.9999999999999999,0.0,0.0,0.4285718000438338,1.0,1.0,0.0,1.0,0.0,0.0,1.0,0.14285728146955773,0.2499994790408888,0.0,0.0,0.0,0.0,0.0,0.0,1.0,1.0,0.0,0.16666598217585946,0.142857175522546,5
0.6000006212067562,0.33333347869715063,0.0336130478121432,0.0059523576084225364,0.9999999999999999,0.6000004153358613,0.0,0.4285718000438338,1.0,1.0,0.0,0.0,0.0,0.9999999999999999,1.0,0.14285728146955773,0.0,0.0,0.0,0.0,0.0,0.0,0.0,0.0,1.0,0.0,0.16666598217585946,1.0,5
0.6000006212067562,0.33333347869715063,0.017453760960022262,0.007936507212664265,0.9999999999999999,0.0,0.5000008314307425,0.5714285714285714,1.0,1.0,0.0,1.0,1.0,0.9999999999999999,0.0,0.14285728146955773,0.0,0.0,0.0,0.0,0.01999994900430465,0.0,1.0,1.0,1.0,0.0,0.16666598217585946,0.142857175522546,5
