f1,f2,f3,f4,f5,f6,f7,f8,clase
0.9999999999999999,0.0,0.285714939838722,0.0,1.0,0.0,0.0,0.0,0
0.9999999999999999,0.0,0.285714939838722,0.0,1.0,0.3333338305600513,0.0,0.0,0
0.9999999999999999,0.0,0.285714939838722,0.0,1.0,0.6666661694399487,0.0,0.0,0
0.9999999999999999,0.0,0.285714939838722,0.0,1.0,1.0,0.0,0.0,0
0.7777761454088153,0.1666656679569996,0.4285721553763578,0.11111024625573379,1.0,0.0,0.0,0.0,1
0.7777761454088153,0.1666656679569996,0.4285721553763578,0.11111024625573379,1.0,0.3333338305600513,0.0,0.0,1
0.7777761454088153,0.1666656679569996,0.4285721553763578,0.11111024625573379,1.0,0.6666661694399487,0.0,0.0,1
0.7777761454088153,0.1666656679569996,0.4285721553763578,0.11111024625573379,1.0,1.0,0.0,0.0,1
0.6666656872452892,0.24999970038709995,0.285714939838722,0.33333360644555765,1.0,0.0,0.0,0.0,1
0.6666656872452892,0.24999970038709995,0.285714939838722,0.33333360644555765,1.0,0.3333338305600513,0.0,0.0,0
0.6666656872452892,0.24999970038709995,0.285714939838722,0.33333360644555765,1.0,0.6666661694399487,0.0,0.0,1
0.6666656872452892,0.24999970038709995,0.285714939838722,0.33333360644555765,1.0,1.0,0.0,0.0,1
0.5555546414289365,0.33333313359140004,0.4285721553763578,0.33333360644555765,1.0,0.0,0.0,0.0,1
0.5555546414289365,0.33333313359140004,0.4285721553763578,0.33333360644555765,1.0,0.3333338305600513,0.0,0.0,0
0.5555546414289365,0.33333313359140004,0.4285721553763578,0.33333360644555765,1.0,0.6666661694399487,0.0,0.0,0
0.5555546414289365,0.33333313359140004,0.4285721553763578,0.33333360644555765,1.0,1.0,0.0,0.0,1
0.47222106324025886,0.4166665667957,0.5714293709139936,0.33333360644555765,1.0,0.0,0.0,0.0,2
0.47222106324025886,0.4166665667957,0.5714293709139936,0.33333360644555765,1.0,0.3333338305600513,0.0,0.0,1
0.47222106324025886,0.4166665667957,0.5714293709139936,0.33333360644555765,1.0,0.6666661694399487,0.0,0.0,1
0.47222106324025886,0.4166665667957,0.5714293709139936,0.33333360644555765,1.0,1.0,0.0,0.0,2
0.38888780826063574,0.5000000000000001,1.0,0.11111024625573379,1.0,0.0,0.0,0.0,1
0.38888780826063574,0.5000000000000001,1.0,0.11111024625573379,1.0,0.3333338305600513,0.0,0.0,1
0.38888780826063574,0.5000000000000001,1.0,0.11111024625573379,1.0,0.6666661694399487,0.0,0.0,1
0.38888780826063574,0.5000000000000001,1.0,0.11111024625573379,1.0,1.0,0.0,0.0,1
0.3333322559698181,0.5833334332043002,0.0,0.9999999999999998,0.0,0.0,0.0,0.0,0
0.3333322559698181,0.5833334332043002,0.0,0.9999999999999998,0.0,0.3333338305600513,0.0,0.0,0
0.3333322559698181,0.5833334332043002,0.0,0.9999999999999998,0.0,0.6666661694399487,0.0,0.0,0
0.3333322559698181,0.5833334332043002,0.0,0.9999999999999998,0.0,1.0,0.0,0.0,0
0.24999897160755366,0.6666665667957001,0.14285823306453665,0.9999999999999998,0.0,0.0,0.0,0.0,0
0.24999897160755366,0.6666665667957001,0.14285823306453665,0.9999999999999998,0.0,0.3333338305600513,0.0,0.0,0
0.24999897160755366,0.6666665667957001,0.14285823306453665,0.9999999999999998,0.0,0.6666661694399487,0.0,0.0,0
0.24999897160755366,0.6666665667957001,0.14285823306453665,0.9999999999999998,0.0,1.0,0.0,0.0,0
0.19444344869937732,0.7500000000000001,0.285714939838722,0.9999999999999998,0.0,0.0,0.0,0.0,0
0.19444344869937732,0.7500000000000001,0.285714939838722,0.9999999999999998,0.0,0.3333338305600513,0.0,0.0,0
0.19444344869937732,0.7500000000000001,0.285714939838722,0.9999999999999998,0.0,0.6666661694399487,0.0,0.0,0
0.19444344869937732,0.7500000000000001,0.285714939838722,0.9999999999999998,0.0,1.0,0.0,0.0,0
0.11110987051069965,0.8333334332043002,0.4285721553763578,0.9999999999999998,0.0,0.0,0.0,0.0,0
0.11110987051069965,0.8333334332043002,0.4285721553763578,0.9999999999999998,0.0,0.3333338305600513,0.0,0.0,0
0.11110987051069965,0.8333334332043002,0.4285721553763578,0.9999999999999998,0.0,0.6666661694399487,0.0,0.0,0
0.11110987051069965,0.8333334332043002,0.4285721553763578,0.9999999999999998,0.0,1.0,0.0,0.0,0
0.05555375994969686,0.9166656679569998,0.5714293709139936,0.9999999999999998,0.0,0.0,0.0,0.0,0
0.05555375994969686,0.9166656679569998,0.5714293709139936,0.9999999999999998,0.0,0.3333338305600513,0.0,0.0,0
0.05555375994969686,0.9166656679569998,0.5714293709139936,0.9999999999999998,0.0,0.6666661694399487,0.0,0.0,0
0.05555375994969686,0.9166656679569998,0.5714293709139936,0.9999999999999998,0.0,1.0,0.0,0.0,0
0.0,1.0,0.714286077688179,0.9999999999999998,0.0,0.0,0.0,0.0,0
0.0,1.0,0.714286077688179,0.9999999999999998,0.0,0.3333338305600513,0.0,0.0,0
0.0,1.0,0.714286077688179,0.9999999999999998,0.0,0.6666661694399487,0.0,0.0,0
0.0,1.0,0.714286077688179,0.9999999999999998,0.0,1.0,0.0,0.0,0
0.9999999999999999,0.0,0.285714939838722,0.0,1.0,0.0,0.24999833474325078,0.19999937961604436,1
0.9999999999999999,0.0,0.285714939838722,0.0,1.0,0.3333338305600513,0.24999833474325078,0.19999937961604436,1
0.9999999999999999,0.0,0.285714939838722,0.0,1.0,0.6666661694399487,0.24999833474325078,0.19999937961604436,1
0.9999999999999999,0.0,0.285714939838722,0.0,1.0,1.0,0.24999833474325078,0.19999937961604436,1
0.7777761454088153,0.1666656679569996,0.4285721553763578,0.11111024625573379,1.0,0.0,0.24999833474325078,0.19999937961604436,1
0.7777761454088153,0.1666656679569996,0.4285721553763578,0.11111024625573379,1.0,0.3333338305600513,0.24999833474325078,0.19999937961604436,1
0.7777761454088153,0.1666656679569996,0.4285721553763578,0.11111024625573379,1.0,0.6666661694399487,0.24999833474325078,0.19999937961604436,1
0.7777761454088153,0.1666656679569996,0.4285721553763578,0.11111024625573379,1.0,1.0,0.24999833474325078,0.19999937961604436,2
0.6666656872452892,0.24999970038709995,0.285714939838722,0.33333360644555765,1.0,0.0,0.24999833474325078,0.19999937961604436,1
0.6666656872452892,0.24999970038709995,0.285714939838722,0.33333360644555765,1.0,0.3333338305600513,0.24999833474325078,0.19999937961604436,1
0.6666656872452892,0.24999970038709995,0.285714939838722,0.33333360644555765,1.0,0.6666661694399487,0.24999833474325078,0.19999937961604436,1
0.6666656872452892,0.24999970038709995,0.285714939838722,0.33333360644555765,1.0,1.0,0.24999833474325078,0.19999937961604436,1
0.5555546414289365,0.33333313359140004,0.4285721553763578,0.33333360644555765,1.0,0.0,0.24999833474325078,0.19999937961604436,1
0.5555546414289365,0.33333313359140004,0.4285721553763578,0.33333360644555765,1.0,0.3333338305600513,0.24999833474325078,0.19999937961604436,1
0.5555546414289365,0.33333313359140004,0.4285721553763578,0.33333360644555765,1.0,0.6666661694399487,0.24999833474325078,0.19999937961604436,1
0.5555546414289365,0.33333313359140004,0.4285721553763578,0.33333360644555765,1.0,1.0,0.24999833474325078,0.19999937961604436,1
0.47222106324025886,0.4166665667957,0.5714293709139936,0.33333360644555765,1.0,0.0,0.24999833474325078,0.19999937961604436,2
0.47222106324025886,0.4166665667957,0.5714293709139936,0.33333360644555765,1.0,0.3333338305600513,0.24999833474325078,0.19999937961604436,2
0.47222106324025886,0.4166665667957,0.5714293709139936,0.33333360644555765,1.0,0.6666661694399487,0.24999833474325078,0.19999937961604436,2
0.47222106324025886,0.4166665667957,0.5714293709139936,0.33333360644555765,1.0,1.0,0.24999833474325078,0.19999937961604436,2
0.38888780826063574,0.5000000000000001,1.0,0.11111024625573379,1.0,0.0,0.24999833474325078,0.19999937961604436,2
0.38888780826063574,0.5000000000000001,1.0,0.11111024625573379,1.0,0.3333338305600513,0.24999833474325078,0.19999937961604436,2
0.38888780826063574,0.5000000000000001,1.0,0.11111024625573379,1.0,0.6666661694399487,0.24999833474325078,0.19999937961604436,2
0.38888780826063574,0.5000000000000001,1.0,0.11111024625573379,1.0,1.0,0.24999833474325078,0.19999937961604436,2
0.3333322559698181,0.5833334332043002,0.0,0.9999999999999998,0.0,0.0,0.24999833474325078,0.19999937961604436,0
0.3333322559698181,0.5833334332043002,0.0,0.9999999999999998,0.0,0.3333338305600513,0.24999833474325078,0.19999937961604436,0
0.3333322559698181,0.5833334332043002,0.0,0.9999999999999998,0.0,0.6666661694399487,0.24999833474325078,0.19999937961604436,0
0.3333322559698181,0.5833334332043002,0.0,0.9999999999999998,0.0,1.0,0.24999833474325078,0.19999937961604436,0
0.24999897160755366,0.6666665667957001,0.14285823306453665,0.9999999999999998,0.0,0.0,0.24999833474325078,0.19999937961604436,0
0.24999897160755366,0.6666665667957001,0.14285823306453665,0.9999999999999998,0.0,0.3333338305600513,0.24999833474325078,0.19999937961604436,0
0.24999897160755366,0.6666665667957001,0.14285823306453665,0.9999999999999998,0.0,0.6666661694399487,0.24999833474325078,0.19999937961604436,0
0.24999897160755366,0.6666665667957001,0.14285823306453665,0.9999999999999998,0.0,1.0,0.24999833474325078,0.19999937961604436,0
0.19444344869937732,0.7500000000000001,0.285714939838722,0.9999999999999998,0.0,0.0,0.24999833474325078,0.19999937961604436,0
0.19444344869937732,0.7500000000000001,0.285714939838722,0.9999999999999998,0.0,0.3333338305600513,0.24999833474325078,0.19999937961604436,0
0.19444344869937732,0.7500000000000001,0.285714939838722,0.9999999999999998,0.0,0.6666661694399487,0.24999833474325078,0.19999937961604436,0
0.19444344869937732,0.7500000000000001,0.285714939838722,0.9999999999999998,0.0,1.0,0.24999833474325078,0.19999937961604436,0
0.11110987051069965,0.8333334332043002,0.4285721553763578,0.9999999999999998,0.0,0.0,0.24999833474325078,0.19999937961604436,0
0.11110987051069965,0.8333334332043002,0.4285721553763578,0.9999999999999998,0.0,0.3333338305600513,0.24999833474325078,0.19999937961604436,0
0.11110987051069965,0.8333334332043002,0.4285721553763578,0.9999999999999998,0.0,0.6666661694399487,0.24999833474325078,0.19999937961604436,0
0.11110987051069965,0.8333334332043002,0.4285721553763578,0.9999999999999998,0.0,1.0,0.24999833474325078,0.19999937961604436,0
0.05555375994969686,0.9166656679569998,0.5714293709139936,0.9999999999999998,0.0,0.0,0.24999833474325078,0.19999937961604436,0
0.05555375994969686,0.9166656679569998,0.5714293709139936,0.9999999999999998,0.0,0.3333338305600513,0.24999833474325078,0.19999937961604436,0
0.05555375994969686,0.9166656679569998,0.5714293709139936,0.9999999999999998,0.0,0.6666661694399487,0.24999833474325078,0.19999937961604436,0
0.05555375994969686,0.9166656679569998,0.5714293709139936,0.9999999999999998,0.0,1.0,0.24999833474325078,0.19999937961604436,0
0.0,1.0,0.714286077688179,0.9999999999999998,0.0,0.0,0.24999833474325078,0.19999937961604436,0
0.0,1.0,0.714286077688179,0.9999999999999998,0.0,0.3333338305600513,0.24999833474325078,0.19999937961604436,0
0.0,1.0,0.714286077688179,0.9999999999999998,0.0,0.6666661694399487,0.24999833474325078,0.19999937961604436,0
0.0,1.0,0.714286077688179,0.9999999999999998,0.0,1.0,0.24999833474325078,0.19999937961604436,0
0.9999999999999999,0.0,0.285714939838722,0.0,1.0,0.0,0.24999833474325078,0.3999990694240666,1
0.9999999999999999,0.0,0.285714939838722,0.0,1.0,0.3333338305600513,0.24999833474325078,0.3999990694240666,1
0.9999999999999999,0.0,0.285714939838722,0.0,1.0,0.6666661694399487,0.24999833474325078,0.3999990694240666,1
0.9999999999999999,0.0,0.285714939838722,0.0,1.0,1.0,0.24999833474325078,0.3999990694240666,1
0.7777761454088153,0.1666656679569996,0.4285721553763578,0.11111024625573379,1.0,0.0,0.24999833474325078,0.3999990694240666,1
0.7777761454088153,0.1666656679569996,0.4285721553763578,0.11111024625573379,1.0,0.3333338305600513,0.24999833474325078,0.3999990694240666,1
0.7777761454088153,0.1666656679569996,0.4285721553763578,0.11111024625573379,1.0,0.6666661694399487,0.24999833474325078,0.3999990694240666,1
0.7777761454088153,0.1666656679569996,0.4285721553763578,0.11111024625573379,1.0,1.0,0.24999833474325078,0.3999990694240666,2
0.6666656872452892,0.24999970038709995,0.285714939838722,0.33333360644555765,1.0,0.0,0.24999833474325078,0.3999990694240666,1
0.6666656872452892,0.24999970038709995,0.285714939838722,0.33333360644555765,1.0,0.3333338305600513,0.24999833474325078,0.3999990694240666,1
0.6666656872452892,0.24999970038709995,0.285714939838722,0.33333360644555765,1.0,0.6666661694399487,0.24999833474325078,0.3999990694240666,1
0.6666656872452892,0.24999970038709995,0.285714939838722,0.33333360644555765,1.0,1.0,0.24999833474325078,0.3999990694240666,1
0.5555546414289365,0.33333313359140004,0.4285721553763578,0.33333360644555765,1.0,0.0,0.24999833474325078,0.3999990694240666,1
0.5555546414289365,0.33333313359140004,0.4285721553763578,0.33333360644555765,1.0,0.3333338305600513,0.24999833474325078,0.3999990694240666,1
0.5555546414289365,0.33333313359140004,0.4285721553763578,0.33333360644555765,1.0,0.6666661694399487,0.24999833474325078,0.3999990694240666,1
0.5555546414289365,0.33333313359140004,0.4285721553763578,0.33333360644555765,1.0,1.0,0.24999833474325078,0.3999990694240666,1
0.47222106324025886,0.4166665667957,0.5714293709139936,0.33333360644555765,1.0,0.0,0.24999833474325078,0.3999990694240666,2
0.47222106324025886,0.4166665667957,0.5714293709139936,0.33333360644555765,1.0,0.3333338305600513,0.24999833474325078,0.3999990694240666,2
0.47222106324025886,0.4166665667957,0.5714293709139936,0.33333360644555765,1.0,0.6666661694399487,0.24999833474325078,0.3999990694240666,2
0.47222106324025886,0.4166665667957,0.5714293709139936,0.33333360644555765,1.0,1.0,0.24999833474325078,0.3999990694240666,2
0.38888780826063574,0.5000000000000001,1.0,0.11111024625573379,1.0,0.0,0.24999833474325078,0.3999990694240666,2
0.38888780826063574,0.5000000000000001,1.0,0.11111024625573379,1.0,0.3333338305600513,0.24999833474325078,0.3999990694240666,2
0.38888780826063574,0.5000000000000001,1.0,0.11111024625573379,1.0,0.6666661694399487,0.24999833474325078,0.3999990694240666,2
0.38888780826063574,0.5000000000000001,1.0,0.11111024625573379,1.0,1.0,0.24999833474325078,0.3999990694240666,2
0.3333322559698181,0.5833334332043002,0.0,0.9999999999999998,0.0,0.0,0.24999833474325078,0.3999990694240666,0
0.3333322559698181,0.5833334332043002,0.0,0.9999999999999998,0.0,0.3333338305600513,0.24999833474325078,0.3999990694240666,0
0.3333322559698181,0.5833334332043002,0.0,0.9999999999999998,0.0,0.6666661694399487,0.24999833474325078,0.3999990694240666,0
0.3333322559698181,0.5833334332043002,0.0,0.9999999999999998,0.0,1.0,0.24999833474325078,0.3999990694240666,0
0.24999897160755366,0.6666665667957001,0.14285823306453665,0.9999999999999998,0.0,0.0,0.24999833474325078,0.3999990694240666,0
0.24999897160755366,0.6666665667957001,0.14285823306453665,0.9999999999999998,0.0,0.3333338305600513,0.24999833474325078,0.3999990694240666,0
0.24999897160755366,0.6666665667957001,0.14285823306453665,0.9999999999999998,0.0,0.6666661694399487,0.24999833474325078,0.3999990694240666,0
0.24999897160755366,0.6666665667957001,0.14285823306453665,0.9999999999999998,0.0,1.0,0.24999833474325078,0.3999990694240666,0
0.19444344869937732,0.7500000000000001,0.285714939838722,0.9999999999999998,0.0,0.0,0.24999833474325078,0.3999990694240666,0
0.19444344869937732,0.7500000000000001,0.285714939838722,0.9999999999999998,0.0,0.3333338305600513,0.24999833474325078,0.3999990694240666,0
0.19444344869937732,0.7500000000000001,0.285714939838722,0.9999999999999998,0.0,0.6666661694399487,0.24999833474325078,0.3999990694240666,0
0.19444344869937732,0.7500000000000001,0.285714939838722,0.9999999999999998,0.0,1.0,0.24999833474325078,0.3999990694240666,0
0.11110987051069965,0.8333334332043002,0.4285721553763578,0.9999999999999998,0.0,0.0,0.24999833474325078,0.3999990694240666,0
0.11110987051069965,0.8333334332043002,0.4285721553763578,0.9999999999999998,0.0,0.3333338305600513,0.24999833474325078,0.3999990694240666,0
0.11110987051069965,0.8333334332043002,0.4285721553763578,0.9999999999999998,0.0,0.6666661694399487,0.24999833474325078,0.3999990694240666,0
0.11110987051069965,0.8333334332043002,0.4285721553763578,0.9999999999999998,0.0,1.0,0.24999833474325078,0.3999990694240666,0
0.05555375994969686,0.9166656679569998,0.5714293709139936,0.9999999999999998,0.0,0.0,0.24999833474325078,0.3999990694240666,0
0.05555375994969686,0.9166656679569998,0.5714293709139936,0.9999999999999998,0.0,0.3333338305600513,0.24999833474325078,0.3999990694240666,0
0.05555375994969686,0.9166656679569998,0.5714293709139936,0.9999999999999998,0.0,0.6666661694399487,0.24999833474325078,0.3999990694240666,0
0.05555375994969686,0.9166656679569998,0.5714293709139936,0.9999999999999998,0.0,1.0,0.24999833474325078,0.3999990694240666,0
0.0,1.0,0.714286077688179,0.9999999999999998,0.0,0.0,0.24999833474325078,0.3999990694240666,0
0.0,1.0,0.714286077688179,0.9999999999999998,0.0,0.3333338305600513,0.24999833474325078,0.3999990694240666,0
0.0,1.0,0.714286077688179,0.9999999999999998,0.0,0.6666661694399487,0.24999833474325078,0.3999990694240666,0
0.0,1.0,0.714286077688179,0.9999999999999998,0.0,1.0,0.24999833474325078,0.3999990694240666,0
0.9999999999999999,0.0,0.285714939838722,0.0,1.0,0.0,0.24999833474325078,0.5999990694240666,1
0.9999999999999999,0.0,0.285714939838722,0.0,1.0,0.3333338305600513,0.24999833474325078,0.5999990694240666,1
0.9999999999999999,0.0,0.285714939838722,0.0,1.0,0.6666661694399487,0.24999833474325078,0.5999990694240666,1
0.9999999999999999,0.0,0.285714939838722,0.0,1.0,1.0,0.24999833474325078,0.5999990694240666,1
0.7777761454088153,0.1666656679569996,0.4285721553763578,0.11111024625573379,1.0,0.0,0.24999833474325078,0.5999990694240666,2
0.7777761454088153,0.1666656679569996,0.4285721553763578,0.11111024625573379,1.0,0.3333338305600513,0.24999833474325078,0.5999990694240666,1
0.7777761454088153,0.1666656679569996,0.4285721553763578,0.11111024625573379,1.0,0.6666661694399487,0.24999833474325078,0.5999990694240666,1
0.7777761454088153,0.1666656679569996,0.4285721553763578,0.11111024625573379,1.0,1.0,0.24999833474325078,0.5999990694240666,1
0.6666656872452892,0.24999970038709995,0.285714939838722,0.33333360644555765,1.0,0.0,0.24999833474325078,0.5999990694240666,1
0.6666656872452892,0.24999970038709995,0.285714939838722,0.33333360644555765,1.0,0.3333338305600513,0.24999833474325078,0.5999990694240666,1
0.6666656872452892,0.24999970038709995,0.285714939838722,0.33333360644555765,1.0,0.6666661694399487,0.24999833474325078,0.5999990694240666,1
0.6666656872452892,0.24999970038709995,0.285714939838722,0.33333360644555765,1.0,1.0,0.24999833474325078,0.5999990694240666,1
0.5555546414289365,0.33333313359140004,0.4285721553763578,0.33333360644555765,1.0,0.0,0.24999833474325078,0.5999990694240666,1
0.5555546414289365,0.33333313359140004,0.4285721553763578,0.33333360644555765,1.0,0.3333338305600513,0.24999833474325078,0.5999990694240666,1
0.5555546414289365,0.33333313359140004,0.4285721553763578,0.33333360644555765,1.0,0.6666661694399487,0.24999833474325078,0.5999990694240666,1
0.5555546414289365,0.33333313359140004,0.4285721553763578,0.33333360644555765,1.0,1.0,0.24999833474325078,0.5999990694240666,1
0.47222106324025886,0.4166665667957,0.5714293709139936,0.33333360644555765,1.0,0.0,0.24999833474325078,0.5999990694240666,2
0.47222106324025886,0.4166665667957,0.5714293709139936,0.33333360644555765,1.0,0.3333338305600513,0.24999833474325078,0.5999990694240666,2
0.47222106324025886,0.4166665667957,0.5714293709139936,0.33333360644555765,1.0,0.6666661694399487,0.24999833474325078,0.5999990694240666,2
0.47222106324025886,0.4166665667957,0.5714293709139936,0.33333360644555765,1.0,1.0,0.24999833474325078,0.5999990694240666,2
0.38888780826063574,0.5000000000000001,1.0,0.11111024625573379,1.0,0.0,0.24999833474325078,0.5999990694240666,2
0.38888780826063574,0.5000000000000001,1.0,0.11111024625573379,1.0,0.3333338305600513,0.24999833474325078,0.5999990694240666,2
0.38888780826063574,0.5000000000000001,1.0,0.11111024625573379,1.0,0.6666661694399487,0.24999833474325078,0.5999990694240666,2
0.38888780826063574,0.5000000000000001,1.0,0.11111024625573379,1.0,1.0,0.24999833474325078,0.5999990694240666,2
0.3333322559698181,0.5833334332043002,0.0,0.9999999999999998,0.0,0.0,0.24999833474325078,0.5999990694240666,0
0.3333322559698181,0.5833334332043002,0.0,0.9999999999999998,0.0,0.3333338305600513,0.24999833474325078,0.5999990694240666,0
0.3333322559698181,0.5833334332043002,0.0,0.9999999999999998,0.0,0.6666661694399487,0.24999833474325078,0.5999990694240666,0
0.3333322559698181,0.5833334332043002,0.0,0.9999999999999998,0.0,1.0,0.24999833474325078,0.5999990694240666,0
0.24999897160755366,0.6666665667957001,0.14285823306453665,0.9999999999999998,0.0,0.0,0.24999833474325078,0.5999990694240666,0
0.24999897160755366,0.6666665667957001,0.14285823306453665,0.9999999999999998,0.0,0.3333338305600513,0.24999833474325078,0.5999990694240666,0
0.24999897160755366,0.6666665667957001,0.14285823306453665,0.9999999999999998,0.0,0.6666661694399487,0.24999833474325078,0.5999990694240666,0
0.24999897160755366,0.6666665667957001,0.14285823306453665,0.9999999999999998,0.0,1.0,0.24999833474325078,0.5999990694240666,0
0.19444344869937732,0.7500000000000001,0.285714939838722,0.9999999999999998,0.0,0.0,0.24999833474325078,0.5999990694240666,0
0.19444344869937732,0.7500000000000001,0.285714939838722,0.9999999999999998,0.0,0.3333338305600513,0.24999833474325078,0.5999990694240666,0
0.19444344869937732,0.7500000000000001,0.285714939838722,0.9999999999999998,0.0,0.6666661694399487,0.24999833474325078,0.5999990694240666,0
0.19444344869937732,0.7500000000000001,0.285714939838722,0.9999999999999998,0.0,1.0,0.24999833474325078,0.5999990694240666,0
0.11110987051069965,0.8333334332043002,0.4285721553763578,0.9999999999999998,0.0,0.0,0.24999833474325078,0.5999990694240666,0
0.11110987051069965,0.8333334332043002,0.4285721553763578,0.9999999999999998,0.0,0.3333338305600513,0.24999833474325078,0.5999990694240666,0
0.11110987051069965,0.8333334332043002,0.4285721553763578,0.9999999999999998,0.0,0.6666661694399487,0.24999833474325078,0.5999990694240666,0
0.11110987051069965,0.8333334332043002,0.4285721553763578,0.9999999999999998,0.0,1.0,0.24999833474325078,0.5999990694240666,0
0.05555375994969686,0.9166656679569998,0.5714293709139936,0.9999999999999998,0.0,0.0,0.24999833474325078,0.5999990694240666,0
0.05555375994969686,0.9166656679569998,0.5714293709139936,0.9999999999999998,0.0,0.3333338305600513,0.24999833474325078,0.5999990694240666,0
0.05555375994969686,0.9166656679569998,0.5714293709139936,0.9999999999999998,0.0,0.6666661694399487,0.24999833474325078,0.5999990694240666,0
0.05555375994969686,0.9166656679569998,0.5714293709139936,0.9999999999999998,0.0,1.0,0.24999833474325078,0.5999990694240666,0
0.0,1.0,0.714286077688179,0.9999999999999998,0.0,0.0,0.24999833474325078,0.5999990694240666,0
0.0,1.0,0.714286077688179,0.9999999999999998,0.0,0.3333338305600513,0.24999833474325078,0.5999990694240666,0
0.0,1.0,0.714286077688179,0.9999999999999998,0.0,0.6666661694399487,0.24999833474325078,0.5999990694240666,0
0.0,1.0,0.714286077688179,0.9999999999999998,0.0,1.0,0.24999833474325078,0.5999990694240666,0
0.9999999999999999,0.0,0.285714939838722,0.0,1.0,0.0,0.24999833474325078,0.7999990694240666,1
0.9999999999999999,0.0,0.285714939838722,0.0,1.0,0.3333338305600513,0.24999833474325078,0.7999990694240666,1
0.9999999999999999,0.0,0.285714939838722,0.0,1.0,0.6666661694399487,0.24999833474325078,0.7999990694240666,1
0.9999999999999999,0.0,0.285714939838722,0.0,1.0,1.0,0.24999833474325078,0.7999990694240666,1
0.7777761454088153,0.1666656679569996,0.4285721553763578,0.11111024625573379,1.0,0.0,0.24999833474325078,0.7999990694240666,1
0.7777761454088153,0.1666656679569996,0.4285721553763578,0.11111024625573379,1.0,0.3333338305600513,0.24999833474325078,0.7999990694240666,2
0.7777761454088153,0.1666656679569996,0.4285721553763578,0.11111024625573379,1.0,0.6666661694399487,0.24999833474325078,0.7999990694240666,1
0.7777761454088153,0.1666656679569996,0.4285721553763578,0.11111024625573379,1.0,1.0,0.24999833474325078,0.7999990694240666,1
0.6666656872452892,0.24999970038709995,0.285714939838722,0.33333360644555765,1.0,0.0,0.24999833474325078,0.7999990694240666,1
0.6666656872452892,0.24999970038709995,0.285714939838722,0.33333360644555765,1.0,0.3333338305600513,0.24999833474325078,0.7999990694240666,1
0.6666656872452892,0.24999970038709995,0.285714939838722,0.33333360644555765,1.0,0.6666661694399487,0.24999833474325078,0.7999990694240666,1
0.6666656872452892,0.24999970038709995,0.285714939838722,0.33333360644555765,1.0,1.0,0.24999833474325078,0.7999990694240666,1
0.5555546414289365,0.33333313359140004,0.4285721553763578,0.33333360644555765,1.0,0.0,0.24999833474325078,0.7999990694240666,1
0.5555546414289365,0.33333313359140004,0.4285721553763578,0.33333360644555765,1.0,0.3333338305600513,0.24999833474325078,0.7999990694240666,1
0.5555546414289365,0.33333313359140004,0.4285721553763578,0.33333360644555765,1.0,0.6666661694399487,0.24999833474325078,0.7999990694240666,1
0.5555546414289365,0.33333313359140004,0.4285721553763578,0.33333360644555765,1.0,1.0,0.24999833474325078,0.7999990694240666,1
0.47222106324025886,0.4166665667957,0.5714293709139936,0.33333360644555765,1.0,0.0,0.24999833474325078,0.7999990694240666,2
0.47222106324025886,0.4166665667957,0.5714293709139936,0.33333360644555765,1.0,0.3333338305600513,0.24999833474325078,0.7999990694240666,2
0.47222106324025886,0.4166665667957,0.5714293709139936,0.33333360644555765,1.0,0.6666661694399487,0.24999833474325078,0.7999990694240666,2
0.47222106324025886,0.4166665667957,0.5714293709139936,0.33333360644555765,1.0,1.0,0.24999833474325078,0.7999990694240666,2
0.38888780826063574,0.5000000000000001,1.0,0.11111024625573379,1.0,0.0,0.24999833474325078,0.7999990694240666,2
0.38888780826063574,0.5000000000000001,1.0,0.11111024625573379,1.0,0.3333338305600513,0.24999833474325078,0.7999990694240666,2
0.38888780826063574,0.5000000000000001,1.0,0.11111024625573379,1.0,0.6666661694399487,0.24999833474325078,0.7999990694240666,2
0.38888780826063574,0.5000000000000001,1.0,0.11111024625573379,1.0,1.0,0.24999833474325078,0.7999990694240666,2
0.3333322559698181,0.5833334332043002,0.0,0.9999999999999998,0.0,0.0,0.24999833474325078,0.7999990694240666,0
0.3333322559698181,0.5833334332043002,0.0,0.9999999999999998,0.0,0.3333338305600513,0.24999833474325078,0.7999990694240666,0
0.3333322559698181,0.5833334332043002,0.0,0.9999999999999998,0.0,0.6666661694399487,0.24999833474325078,0.7999990694240666,0
0.3333322559698181,0.5833334332043002,0.0,0.9999999999999998,0.0,1.0,0.24999833474325078,0.7999990694240666,0
0.24999897160755366,0.6666665667957001,0.14285823306453665,0.9999999999999998,0.0,0.0,0.24999833474325078,0.7999990694240666,0
0.24999897160755366,0.6666665667957001,0.14285823306453665,0.9999999999999998,0.0,0.3333338305600513,0.24999833474325078,0.7999990694240666,0
0.24999897160755366,0.6666665667957001,0.14285823306453665,0.9999999999999998,0.0,0.6666661694399487,0.24999833474325078,0.7999990694240666,0
0.24999897160755366,0.6666665667957001,0.14285823306453665,0.9999999999999998,0.0,1.0,0.24999833474325078,0.7999990694240666,0
0.19444344869937732,0.7500000000000001,0.285714939838722,0.9999999999999998,0.0,0.0,0.24999833474325078,0.7999990694240666,0
0.19444344869937732,0.7500000000000001,0.285714939838722,0.9999999999999998,0.0,0.3333338305600513,0.24999833474325078,0.7999990694240666,0
0.19444344869937732,0.7500000000000001,0.285714939838722,0.9999999999999998,0.0,0.6666661694399487,0.24999833474325078,0.7999990694240666,0
0.19444344869937732,0.7500000000000001,0.285714939838722,0.9999999999999998,0.0,1.0,0.24999833474325078,0.7999990694240666,0
0.11110987051069965,0.8333334332043002,0.4285721553763578,0.9999999999999998,0.0,0.0,0.24999833474325078,0.7999990694240666,0
0.11110987051069965,0.8333334332043002,0.4285721553763578,0.9999999999999998,0.0,0.3333338305600513,0.24999833474325078,0.7999990694240666,0
0.11110987051069965,0.8333334332043002,0.4285721553763578,0.9999999999999998,0.0,0.6666661694399487,0.24999833474325078,0.7999990694240666,0
0.11110987051069965,0.8333334332043002,0.4285721553763578,0.9999999999999998,0.0,1.0,0.24999833474325078,0.7999990694240666,0
0.05555375994969686,0.9166656679569998,0.5714293709139936,0.9999999999999998,0.0,0.0,0.24999833474325078,0.7999990694240666,0
0.05555375994969686,0.9166656679569998,0.5714293709139936,0.9999999999999998,0.0,0.3333338305600513,0.24999833474325078,0.7999990694240666,0
0.05555375994969686,0.9166656679569998,0.5714293709139936,0.9999999999999998,0.0,0.6666661694399487,0.24999833474325078,0.7999990694240666,0
0.05555375994969686,0.9166656679569998,0.5714293709139936,0.9999999999999998,0.0,1.0,0.24999833474325078,0.7999990694240666,0
0.0,1.0,0.714286077688179,0.9999999999999998,0.0,0.0,0.24999833474325078,0.7999990694240666,0
0.0,1.0,0.714286077688179,0.9999999999999998,0.0,0.3333338305600513,0.24999833474325078,0.7999990694240666,0
0.0,1.0,0.714286077688179,0.9999999999999998,0.0,0.6666661694399487,0.24999833474325078,0.7999990694240666,0
0.0,1.0,0.714286077688179,0.9999999999999998,0.0,1.0,0.24999833474325078,0.7999990694240666,0
0.9999999999999999,0.0,0.285714939838722,0.0,1.0,0.0,0.24999833474325078,1.0,1
0.9999999999999999,0.0,0.285714939838722,0.0,1.0,0.3333338305600513,0.24999833474325078,1.0,1
0.9999999999999999,0.0,0.285714939838722,0.0,1.0,0.6666661694399487,0.24999833474325078,1.0,1
0.9999999999999999,0.0,0.285714939838722,0.0,1.0,1.0,0.24999833474325078,1.0,1
0.7777761454088153,0.1666656679569996,0.4285721553763578,0.11111024625573379,1.0,0.0,0.24999833474325078,1.0,1
0.7777761454088153,0.1666656679569996,0.4285721553763578,0.11111024625573379,1.0,0.3333338305600513,0.24999833474325078,1.0,1
0.7777761454088153,0.1666656679569996,0.4285721553763578,0.11111024625573379,1.0,0.6666661694399487,0.24999833474325078,1.0,2
0.7777761454088153,0.1666656679569996,0.4285721553763578,0.11111024625573379,1.0,1.0,0.24999833474325078,1.0,1
0.6666656872452892,0.24999970038709995,0.285714939838722,0.33333360644555765,1.0,0.0,0.24999833474325078,1.0,1
0.6666656872452892,0.24999970038709995,0.285714939838722,0.33333360644555765,1.0,0.3333338305600513,0.24999833474325078,1.0,1
0.6666656872452892,0.24999970038709995,0.285714939838722,0.33333360644555765,1.0,0.6666661694399487,0.24999833474325078,1.0,1
0.6666656872452892,0.24999970038709995,0.285714939838722,0.33333360644555765,1.0,1.0,0.24999833474325078,1.0,1
0.5555546414289365,0.33333313359140004,0.4285721553763578,0.33333360644555765,1.0,0.0,0.24999833474325078,1.0,1
0.5555546414289365,0.33333313359140004,0.4285721553763578,0.33333360644555765,1.0,0.3333338305600513,0.24999833474325078,1.0,1
0.5555546414289365,0.33333313359140004,0.4285721553763578,0.33333360644555765,1.0,0.6666661694399487,0.24999833474325078,1.0,1
0.5555546414289365,0.33333313359140004,0.4285721553763578,0.33333360644555765,1.0,1.0,0.24999833474325078,1.0,1
0.47222106324025886,0.4166665667957,0.5714293709139936,0.33333360644555765,1.0,0.0,0.24999833474325078,1.0,2
0.47222106324025886,0.4166665667957,0.5714293709139936,0.33333360644555765,1.0,0.3333338305600513,0.24999833474325078,1.0,2
0.47222106324025886,0.4166665667957,0.5714293709139936,0.33333360644555765,1.0,0.6666661694399487,0.24999833474325078,1.0,2
0.47222106324025886,0.4166665667957,0.5714293709139936,0.33333360644555765,1.0,1.0,0.24999833474325078,1.0,2
0.38888780826063574,0.5000000000000001,1.0,0.11111024625573379,1.0,0.0,0.24999833474325078,1.0,2
0.38888780826063574,0.5000000000000001,1.0,0.11111024625573379,1.0,0.3333338305600513,0.24999833474325078,1.0,2
0.38888780826063574,0.5000000000000001,1.0,0.11111024625573379,1.0,0.6666661694399487,0.24999833474325078,1.0,2
0.38888780826063574,0.5000000000000001,1.0,0.11111024625573379,1.0,1.0,0.24999833474325078,1.0,2
0.3333322559698181,0.5833334332043002,0.0,0.9999999999999998,0.0,0.0,0.24999833474325078,1.0,0
0.3333322559698181,0.5833334332043002,0.0,0.9999999999999998,0.0,0.3333338305600513,0.24999833474325078,1.0,0
0.3333322559698181,0.5833334332043002,0.0,0.9999999999999998,0.0,0.6666661694399487,0.24999833474325078,1.0,0
0.3333322559698181,0.5833334332043002,0.0,0.9999999999999998,0.0,1.0,0.24999833474325078,1.0,0
0.24999897160755366,0.6666665667957001,0.14285823306453665,0.9999999999999998,0.0,0.0,0.24999833474325078,1.0,0
0.24999897160755366,0.6666665667957001,0.14285823306453665,0.9999999999999998,0.0,0.3333338305600513,0.24999833474325078,1.0,0
0.24999897160755366,0.6666665667957001,0.14285823306453665,0.9999999999999998,0.0,0.6666661694399487,0.24999833474325078,1.0,0
0.24999897160755366,0.6666665667957001,0.14285823306453665,0.9999999999999998,0.0,1.0,0.24999833474325078,1.0,0
0.19444344869937732,0.7500000000000001,0.285714939838722,0.9999999999999998,0.0,0.0,0.24999833474325078,1.0,0
0.19444344869937732,0.7500000000000001,0.285714939838722,0.9999999999999998,0.0,0.3333338305600513,0.24999833474325078,1.0,0
0.19444344869937732,0.7500000000000001,0.285714939838722,0.9999999999999998,0.0,0.6666661694399487,0.24999833474325078,1.0,0
0.19444344869937732,0.7500000000000001,0.285714939838722,0.9999999999999998,0.0,1.0,0.24999833474325078,1.0,0
0.11110987051069965,0.8333334332043002,0.4285721553763578,0.9999999999999998,0.0,0.0,0.24999833474325078,1.0,0
0.11110987051069965,0.8333334332043002,0.4285721553763578,0.9999999999999998,0.0,0.3333338305600513,0.24999833474325078,1.0,0
0.11110987051069965,0.8333334332043002,0.4285721553763578,0.9999999999999998,0.0,0.6666661694399487,0.24999833474325078,1.0,0
0.11110987051069965,0.8333334332043002,0.4285721553763578,0.9999999999999998,0.0,1.0,0.24999833474325078,1.0,0
0.05555375994969686,0.9166656679569998,0.5714293709139936,0.9999999999999998,0.0,0.0,0.24999833474325078,1.0,0
0.05555375994969686,0.9166656679569998,0.5714293709139936,0.9999999999999998,0.0,0.3333338305600513,0.24999833474325078,1.0,0
0.05555375994969686,0.9166656679569998,0.5714293709139936,0.9999999999999998,0.0,0.6666661694399487,0.24999833474325078,1.0,0
0.05555375994969686,0.9166656679569998,0.5714293709139936,0.9999999999999998,0.0,1.0,0.24999833474325078,1.0,0
0.0,1.0,0.714286077688179,0.9999999999999998,0.0,0.0,0.24999833474325078,1.0,0
0.0,1.0,0.714286077688179,0.9999999999999998,0.0,0.3333338305600513,0.24999833474325078,1.0,0
0.0,1.0,0.714286077688179,0.9999999999999998,0.0,0.6666661694399487,0.24999833474325078,1.0,0
0.0,1.0,0.714286077688179,0.9999999999999998,0.0,1.0,0.24999833474325078,1.0,0
0.9999999999999999,0.0,0.285714939838722,0.0,1.0,0.0,0.6249998334743252,0.19999937961604436,1
0.9999999999999999,0.0,0.285714939838722,0.0,1.0,0.3333338305600513,0.6249998334743252,0.19999937961604436,1
0.9999999999999999,0.0,0.285714939838722,0.0,1.0,0.6666661694399487,0.6249998334743252,0.19999937961604436,1
0.9999999999999999,0.0,0.285714939838722,0.0,1.0,1.0,0.6249998334743252,0.19999937961604436,1
0.7777761454088153,0.1666656679569996,0.4285721553763578,0.11111024625573379,1.0,0.0,0.6249998334743252,0.19999937961604436,2
0.7777761454088153,0.1666656679569996,0.4285721553763578,0.11111024625573379,1.0,0.3333338305600513,0.6249998334743252,0.19999937961604436,1
0.7777761454088153,0.1666656679569996,0.4285721553763578,0.11111024625573379,1.0,0.6666661694399487,0.6249998334743252,0.19999937961604436,1
0.7777761454088153,0.1666656679569996,0.4285721553763578,0.11111024625573379,1.0,1.0,0.6249998334743252,0.19999937961604436,2
0.6666656872452892,0.24999970038709995,0.285714939838722,0.33333360644555765,1.0,0.0,0.6249998334743252,0.19999937961604436,2
0.6666656872452892,0.24999970038709995,0.285714939838722,0.33333360644555765,1.0,0.3333338305600513,0.6249998334743252,0.19999937961604436,1
0.6666656872452892,0.24999970038709995,0.285714939838722,0.33333360644555765,1.0,0.6666661694399487,0.6249998334743252,0.19999937961604436,1
0.6666656872452892,0.24999970038709995,0.285714939838722,0.33333360644555765,1.0,1.0,0.6249998334743252,0.19999937961604436,2
0.5555546414289365,0.33333313359140004,0.4285721553763578,0.33333360644555765,1.0,0.0,0.6249998334743252,0.19999937961604436,1
0.5555546414289365,0.33333313359140004,0.4285721553763578,0.33333360644555765,1.0,0.3333338305600513,0.6249998334743252,0.19999937961604436,1
0.5555546414289365,0.33333313359140004,0.4285721553763578,0.33333360644555765,1.0,0.6666661694399487,0.6249998334743252,0.19999937961604436,1
0.5555546414289365,0.33333313359140004,0.4285721553763578,0.33333360644555765,1.0,1.0,0.6249998334743252,0.19999937961604436,1
0.47222106324025886,0.4166665667957,0.5714293709139936,0.33333360644555765,1.0,0.0,0.6249998334743252,0.19999937961604436,2
0.47222106324025886,0.4166665667957,0.5714293709139936,0.33333360644555765,1.0,0.3333338305600513,0.6249998334743252,0.19999937961604436,2
0.47222106324025886,0.4166665667957,0.5714293709139936,0.33333360644555765,1.0,0.6666661694399487,0.6249998334743252,0.19999937961604436,2
0.47222106324025886,0.4166665667957,0.5714293709139936,0.33333360644555765,1.0,1.0,0.6249998334743252,0.19999937961604436,2
0.38888780826063574,0.5000000000000001,1.0,0.11111024625573379,1.0,0.0,0.6249998334743252,0.19999937961604436,2
0.38888780826063574,0.5000000000000001,1.0,0.11111024625573379,1.0,0.3333338305600513,0.6249998334743252,0.19999937961604436,2
0.38888780826063574,0.5000000000000001,1.0,0.11111024625573379,1.0,0.6666661694399487,0.6249998334743252,0.19999937961604436,2
0.38888780826063574,0.5000000000000001,1.0,0.11111024625573379,1.0,1.0,0.6249998334743252,0.19999937961604436,2
0.3333322559698181,0.5833334332043002,0.0,0.9999999999999998,0.0,0.0,0.6249998334743252,0.19999937961604436,0
0.3333322559698181,0.5833334332043002,0.0,0.9999999999999998,0.0,0.3333338305600513,0.6249998334743252,0.19999937961604436,0
0.3333322559698181,0.5833334332043002,0.0,0.9999999999999998,0.0,0.6666661694399487,0.6249998334743252,0.19999937961604436,0
0.3333322559698181,0.5833334332043002,0.0,0.9999999999999998,0.0,1.0,0.6249998334743252,0.19999937961604436,0
0.24999897160755366,0.6666665667957001,0.14285823306453665,0.9999999999999998,0.0,0.0,0.6249998334743252,0.19999937961604436,0
0.24999897160755366,0.6666665667957001,0.14285823306453665,0.9999999999999998,0.0,0.3333338305600513,0.6249998334743252,0.19999937961604436,0
0.24999897160755366,0.6666665667957001,0.14285823306453665,0.9999999999999998,0.0,0.6666661694399487,0.6249998334743252,0.19999937961604436,0
0.24999897160755366,0.6666665667957001,0.14285823306453665,0.9999999999999998,0.0,1.0,0.6249998334743252,0.19999937961604436,0
0.19444344869937732,0.7500000000000001,0.285714939838722,0.9999999999999998,0.0,0.0,0.6249998334743252,0.19999937961604436,0
0.19444344869937732,0.7500000000000001,0.285714939838722,0.9999999999999998,0.0,0.3333338305600513,0.6249998334743252,0.19999937961604436,0
0.19444344869937732,0.7500000000000001,0.285714939838722,0.9999999999999998,0.0,0.6666661694399487,0.6249998334743252,0.19999937961604436,0
0.19444344869937732,0.7500000000000001,0.285714939838722,0.9999999999999998,0.0,1.0,0.6249998334743252,0.19999937961604436,0
0.11110987051069965,0.8333334332043002,0.4285721553763578,0.9999999999999998,0.0,0.0,0.6249998334743252,0.19999937961604436,0
0.11110987051069965,0.8333334332043002,0.4285721553763578,0.9999999999999998,0.0,0.3333338305600513,0.6249998334743252,0.19999937961604436,0
0.11110987051069965,0.8333334332043002,0.4285721553763578,0.9999999999999998,0.0,0.6666661694399487,0.6249998334743252,0.19999937961604436,0
0.11110987051069965,0.8333334332043002,0.4285721553763578,0.9999999999999998,0.0,1.0,0.6249998334743252,0.19999937961604436,0
0.05555375994969686,0.9166656679569998,0.5714293709139936,0.9999999999999998,0.0,0.0,0.6249998334743252,0.19999937961604436,0
0.05555375994969686,0.9166656679569998,0.5714293709139936,0.9999999999999998,0.0,0.3333338305600513,0.6249998334743252,0.19999937961604436,0
0.05555375994969686,0.9166656679569998,0.5714293709139936,0.9999999999999998,0.0,0.6666661694399487,0.6249998334743252,0.19999937961604436,0
0.05555375994969686,0.9166656679569998,0.5714293709139936,0.9999999999999998,0.0,1.0,0.6249998334743252,0.19999937961604436,0
0.0,1.0,0.714286077688179,0.9999999999999998,0.0,0.0,0.6249998334743252,0.19999937961604436,0
0.0,1.0,0.714286077688179,0.9999999999999998,0.0,0.3333338305600513,0.6249998334743252,0.19999937961604436,0
0.0,1.0,0.714286077688179,0.9999999999999998,0.0,0.6666661694399487,0.6249998334743252,0.19999937961604436,0
0.0,1.0,0.714286077688179,0.9999999999999998,0.0,1.0,0.6249998334743252,0.19999937961604436,0
0.9999999999999999,0.0,0.285714939838722,0.0,1.0,0.0,0.6249998334743252,0.3999990694240666,1
0.9999999999999999,0.0,0.285714939838722,0.0,1.0,0.3333338305600513,0.6249998334743252,0.3999990694240666,1
0.9999999999999999,0.0,0.285714939838722,0.0,1.0,0.6666661694399487,0.6249998334743252,0.3999990694240666,1
0.9999999999999999,0.0,0.285714939838722,0.0,1.0,1.0,0.6249998334743252,0.3999990694240666,1
0.7777761454088153,0.1666656679569996,0.4285721553763578,0.11111024625573379,1.0,0.0,0.6249998334743252,0.3999990694240666,2
0.7777761454088153,0.1666656679569996,0.4285721553763578,0.11111024625573379,1.0,0.3333338305600513,0.6249998334743252,0.3999990694240666,1
0.7777761454088153,0.1666656679569996,0.4285721553763578,0.11111024625573379,1.0,0.6666661694399487,0.6249998334743252,0.3999990694240666,1
0.7777761454088153,0.1666656679569996,0.4285721553763578,0.11111024625573379,1.0,1.0,0.6249998334743252,0.3999990694240666,2
0.6666656872452892,0.24999970038709995,0.285714939838722,0.33333360644555765,1.0,0.0,0.6249998334743252,0.3999990694240666,2
0.6666656872452892,0.24999970038709995,0.285714939838722,0.33333360644555765,1.0,0.3333338305600513,0.6249998334743252,0.3999990694240666,1
0.6666656872452892,0.24999970038709995,0.285714939838722,0.33333360644555765,1.0,0.6666661694399487,0.6249998334743252,0.3999990694240666,1
0.6666656872452892,0.24999970038709995,0.285714939838722,0.33333360644555765,1.0,1.0,0.6249998334743252,0.3999990694240666,2
0.5555546414289365,0.33333313359140004,0.4285721553763578,0.33333360644555765,1.0,0.0,0.6249998334743252,0.3999990694240666,1
0.5555546414289365,0.33333313359140004,0.4285721553763578,0.33333360644555765,1.0,0.3333338305600513,0.6249998334743252,0.3999990694240666,1
0.5555546414289365,0.33333313359140004,0.4285721553763578,0.33333360644555765,1.0,0.6666661694399487,0.6249998334743252,0.3999990694240666,1
0.5555546414289365,0.33333313359140004,0.4285721553763578,0.33333360644555765,1.0,1.0,0.6249998334743252,0.3999990694240666,1
0.47222106324025886,0.4166665667957,0.5714293709139936,0.33333360644555765,1.0,0.0,0.6249998334743252,0.3999990694240666,2
0.47222106324025886,0.4166665667957,0.5714293709139936,0.33333360644555765,1.0,0.3333338305600513,0.6249998334743252,0.3999990694240666,2
0.47222106324025886,0.4166665667957,0.5714293709139936,0.33333360644555765,1.0,0.6666661694399487,0.6249998334743252,0.3999990694240666,2
0.47222106324025886,0.4166665667957,0.5714293709139936,0.33333360644555765,1.0,1.0,0.6249998334743252,0.3999990694240666,2
0.38888780826063574,0.5000000000000001,1.0,0.11111024625573379,1.0,0.0,0.6249998334743252,0.3999990694240666,2
0.38888780826063574,0.5000000000000001,1.0,0.11111024625573379,1.0,0.3333338305600513,0.6249998334743252,0.3999990694240666,2
0.38888780826063574,0.5000000000000001,1.0,0.11111024625573379,1.0,0.6666661694399487,0.6249998334743252,0.3999990694240666,2
0.38888780826063574,0.5000000000000001,1.0,0.11111024625573379,1.0,1.0,0.6249998334743252,0.3999990694240666,2
0.3333322559698181,0.5833334332043002,0.0,0.9999999999999998,0.0,0.0,0.6249998334743252,0.3999990694240666,0
0.3333322559698181,0.5833334332043002,0.0,0.9999999999999998,0.0,0.3333338305600513,0.6249998334743252,0.3999990694240666,0
0.3333322559698181,0.5833334332043002,0.0,0.9999999999999998,0.0,0.6666661694399487,0.6249998334743252,0.3999990694240666,0
0.3333322559698181,0.5833334332043002,0.0,0.9999999999999998,0.0,1.0,0.6249998334743252,0.3999990694240666,0
0.24999897160755366,0.6666665667957001,0.14285823306453665,0.9999999999999998,0.0,0.0,0.6249998334743252,0.3999990694240666,0
0.24999897160755366,0.6666665667957001,0.14285823306453665,0.9999999999999998,0.0,0.3333338305600513,0.6249998334743252,0.3999990694240666,0
0.24999897160755366,0.6666665667957001,0.14285823306453665,0.9999999999999998,0.0,0.6666661694399487,0.6249998334743252,0.3999990694240666,0
0.24999897160755366,0.6666665667957001,0.14285823306453665,0.9999999999999998,0.0,1.0,0.6249998334743252,0.3999990694240666,0
0.19444344869937732,0.7500000000000001,0.285714939838722,0.9999999999999998,0.0,0.0,0.6249998334743252,0.3999990694240666,0
0.19444344869937732,0.7500000000000001,0.285714939838722,0.9999999999999998,0.0,0.3333338305600513,0.6249998334743252,0.3999990694240666,0
0.19444344869937732,0.7500000000000001,0.285714939838722,0.9999999999999998,0.0,0.6666661694399487,0.6249998334743252,0.3999990694240666,0
0.19444344869937732,0.7500000000000001,0.285714939838722,0.9999999999999998,0.0,1.0,0.6249998334743252,0.3999990694240666,0
0.11110987051069965,0.8333334332043002,0.4285721553763578,0.9999999999999998,0.0,0.0,0.6249998334743252,0.3999990694240666,0
0.11110987051069965,0.8333334332043002,0.4285721553763578,0.9999999999999998,0.0,0.3333338305600513,0.6249998334743252,0.3999990694240666,0
0.11110987051069965,0.8333334332043002,0.4285721553763578,0.9999999999999998,0.0,0.6666661694399487,0.6249998334743252,0.3999990694240666,0
0.11110987051069965,0.8333334332043002,0.4285721553763578,0.9999999999999998,0.0,1.0,0.6249998334743252,0.3999990694240666,0
0.05555375994969686,0.9166656679569998,0.5714293709139936,0.9999999999999998,0.0,0.0,0.6249998334743252,0.3999990694240666,0
0.05555375994969686,0.9166656679569998,0.5714293709139936,0.9999999999999998,0.0,0.3333338305600513,0.6249998334743252,0.3999990694240666,0
0.05555375994969686,0.9166656679569998,0.5714293709139936,0.9999999999999998,0.0,0.6666661694399487,0.6249998334743252,0.3999990694240666,0
0.05555375994969686,0.9166656679569998,0.5714293709139936,0.9999999999999998,0.0,1.0,0.6249998334743252,0.3999990694240666,0
0.0,1.0,0.714286077688179,0.9999999999999998,0.0,0.0,0.6249998334743252,0.3999990694240666,0
0.0,1.0,0.714286077688179,0.9999999999999998,0.0,0.3333338305600513,0.6249998334743252,0.3999990694240666,0
0.0,1.0,0.714286077688179,0.9999999999999998,0.0,0.6666661694399487,0.6249998334743252,0.3999990694240666,0
0.0,1.0,0.714286077688179,0.9999999999999998,0.0,1.0,0.6249998334743252,0.3999990694240666,0
0.9999999999999999,0.0,0.285714939838722,0.0,1.0,0.0,0.6249998334743252,0.5999990694240666,1
0.9999999999999999,0.0,0.285714939838722,0.0,1.0,0.3333338305600513,0.6249998334743252,0.5999990694240666,1
0.9999999999999999,0.0,0.285714939838722,0.0,1.0,0.6666661694399487,0.6249998334743252,0.5999990694240666,1
0.9999999999999999,0.0,0.285714939838722,0.0,1.0,1.0,0.6249998334743252,0.5999990694240666,1
0.7777761454088153,0.1666656679569996,0.4285721553763578,0.11111024625573379,1.0,0.0,0.6249998334743252,0.5999990694240666,2
0.7777761454088153,0.1666656679569996,0.4285721553763578,0.11111024625573379,1.0,0.3333338305600513,0.6249998334743252,0.5999990694240666,2
0.7777761454088153,0.1666656679569996,0.4285721553763578,0.11111024625573379,1.0,0.6666661694399487,0.6249998334743252,0.5999990694240666,1
0.7777761454088153,0.1666656679569996,0.4285721553763578,0.11111024625573379,1.0,1.0,0.6249998334743252,0.5999990694240666,1
0.6666656872452892,0.24999970038709995,0.285714939838722,0.33333360644555765,1.0,0.0,0.6249998334743252,0.5999990694240666,2
0.6666656872452892,0.24999970038709995,0.285714939838722,0.33333360644555765,1.0,0.3333338305600513,0.6249998334743252,0.5999990694240666,1
0.6666656872452892,0.24999970038709995,0.285714939838722,0.33333360644555765,1.0,0.6666661694399487,0.6249998334743252,0.5999990694240666,1
0.6666656872452892,0.24999970038709995,0.285714939838722,0.33333360644555765,1.0,1.0,0.6249998334743252,0.5999990694240666,1
0.5555546414289365,0.33333313359140004,0.4285721553763578,0.33333360644555765,1.0,0.0,0.6249998334743252,0.5999990694240666,1
0.5555546414289365,0.33333313359140004,0.4285721553763578,0.33333360644555765,1.0,0.3333338305600513,0.6249998334743252,0.5999990694240666,1
0.5555546414289365,0.33333313359140004,0.4285721553763578,0.33333360644555765,1.0,0.6666661694399487,0.6249998334743252,0.5999990694240666,1
0.5555546414289365,0.33333313359140004,0.4285721553763578,0.33333360644555765,1.0,1.0,0.6249998334743252,0.5999990694240666,1
0.47222106324025886,0.4166665667957,0.5714293709139936,0.33333360644555765,1.0,0.0,0.6249998334743252,0.5999990694240666,2
0.47222106324025886,0.4166665667957,0.5714293709139936,0.33333360644555765,1.0,0.3333338305600513,0.6249998334743252,0.5999990694240666,2
0.47222106324025886,0.4166665667957,0.5714293709139936,0.33333360644555765,1.0,0.6666661694399487,0.6249998334743252,0.5999990694240666,2
0.47222106324025886,0.4166665667957,0.5714293709139936,0.33333360644555765,1.0,1.0,0.6249998334743252,0.5999990694240666,2
0.38888780826063574,0.5000000000000001,1.0,0.11111024625573379,1.0,0.0,0.6249998334743252,0.5999990694240666,2
0.38888780826063574,0.5000000000000001,1.0,0.11111024625573379,1.0,0.3333338305600513,0.6249998334743252,0.5999990694240666,2
0.38888780826063574,0.5000000000000001,1.0,0.11111024625573379,1.0,0.6666661694399487,0.6249998334743252,0.5999990694240666,2
0.38888780826063574,0.5000000000000001,1.0,0.11111024625573379,1.0,1.0,0.6249998334743252,0.5999990694240666,2
0.3333322559698181,0.5833334332043002,0.0,0.9999999999999998,0.0,0.0,0.6249998334743252,0.5999990694240666,0
0.3333322559698181,0.5833334332043002,0.0,0.9999999999999998,0.0,0.3333338305600513,0.6249998334743252,0.5999990694240666,0
0.3333322559698181,0.5833334332043002,0.0,0.9999999999999998,0.0,0.6666661694399487,0.6249998334743252,0.5999990694240666,0
0.3333322559698181,0.5833334332043002,0.0,0.9999999999999998,0.0,1.0,0.6249998334743252,0.5999990694240666,0
0.24999897160755366,0.6666665667957001,0.14285823306453665,0.9999999999999998,0.0,0.0,0.6249998334743252,0.5999990694240666,0
0.24999897160755366,0.6666665667957001,0.14285823306453665,0.9999999999999998,0.0,0.3333338305600513,0.6249998334743252,0.5999990694240666,0
0.24999897160755366,0.6666665667957001,0.14285823306453665,0.9999999999999998,0.0,0.6666661694399487,0.6249998334743252,0.5999990694240666,0
0.24999897160755366,0.6666665667957001,0.14285823306453665,0.9999999999999998,0.0,1.0,0.6249998334743252,0.5999990694240666,0
0.19444344869937732,0.7500000000000001,0.285714939838722,0.9999999999999998,0.0,0.0,0.6249998334743252,0.5999990694240666,0
0.19444344869937732,0.7500000000000001,0.285714939838722,0.9999999999999998,0.0,0.3333338305600513,0.6249998334743252,0.5999990694240666,0
0.19444344869937732,0.7500000000000001,0.285714939838722,0.9999999999999998,0.0,0.6666661694399487,0.6249998334743252,0.5999990694240666,0
0.19444344869937732,0.7500000000000001,0.285714939838722,0.9999999999999998,0.0,1.0,0.6249998334743252,0.5999990694240666,0
0.11110987051069965,0.8333334332043002,0.4285721553763578,0.9999999999999998,0.0,0.0,0.6249998334743252,0.5999990694240666,0
0.11110987051069965,0.8333334332043002,0.4285721553763578,0.9999999999999998,0.0,0.3333338305600513,0.6249998334743252,0.5999990694240666,0
0.11110987051069965,0.8333334332043002,0.4285721553763578,0.9999999999999998,0.0,0.6666661694399487,0.6249998334743252,0.5999990694240666,0
0.11110987051069965,0.8333334332043002,0.4285721553763578,0.9999999999999998,0.0,1.0,0.6249998334743252,0.5999990694240666,0
0.05555375994969686,0.9166656679569998,0.5714293709139936,0.9999999999999998,0.0,0.0,0.6249998334743252,0.5999990694240666,0
0.05555375994969686,0.9166656679569998,0.5714293709139936,0.9999999999999998,0.0,0.3333338305600513,0.6249998334743252,0.5999990694240666,0
0.05555375994969686,0.9166656679569998,0.5714293709139936,0.9999999999999998,0.0,0.6666661694399487,0.6249998334743252,0.5999990694240666,0
0.05555375994969686,0.9166656679569998,0.5714293709139936,0.9999999999999998,0.0,1.0,0.6249998334743252,0.5999990694240666,0
0.0,1.0,0.714286077688179,0.9999999999999998,0.0,0.0,0.6249998334743252,0.5999990694240666,0
0.0,1.0,0.714286077688179,0.9999999999999998,0.0,0.3333338305600513,0.6249998334743252,0.5999990694240666,0
0.0,1.0,0.714286077688179,0.9999999999999998,0.0,0.6666661694399487,0.6249998334743252,0.5999990694240666,0
0.0,1.0,0.714286077688179,0.9999999999999998,0.0,1.0,0.6249998334743252,0.5999990694240666,0
0.9999999999999999,0.0,0.285714939838722,0.0,1.0,0.0,0.6249998334743252,0.7999990694240666,1
0.9999999999999999,0.0,0.285714939838722,0.0,1.0,0.3333338305600513,0.6249998334743252,0.7999990694240666,1
0.9999999999999999,0.0,0.285714939838722,0.0,1.0,0.6666661694399487,0.6249998334743252,0.7999990694240666,1
0.9999999999999999,0.0,0.285714939838722,0.0,1.0,1.0,0.6249998334743252,0.7999990694240666,1
0.7777761454088153,0.1666656679569996,0.4285721553763578,0.11111024625573379,1.0,0.0,0.6249998334743252,0.7999990694240666,1
0.7777761454088153,0.1666656679569996,0.4285721553763578,0.11111024625573379,1.0,0.3333338305600513,0.6249998334743252,0.7999990694240666,2
0.7777761454088153,0.1666656679569996,0.4285721553763578,0.11111024625573379,1.0,0.6666661694399487,0.6249998334743252,0.7999990694240666,2
0.7777761454088153,0.1666656679569996,0.4285721553763578,0.11111024625573379,1.0,1.0,0.6249998334743252,0.7999990694240666,1
0.6666656872452892,0.24999970038709995,0.285714939838722,0.33333360644555765,1.0,0.0,0.6249998334743252,0.7999990694240666,1
0.6666656872452892,0.24999970038709995,0.285714939838722,0.33333360644555765,1.0,0.3333338305600513,0.6249998334743252,0.7999990694240666,2
0.6666656872452892,0.24999970038709995,0.285714939838722,0.33333360644555765,1.0,0.6666661694399487,0.6249998334743252,0.7999990694240666,2
0.6666656872452892,0.24999970038709995,0.285714939838722,0.33333360644555765,1.0,1.0,0.6249998334743252,0.7999990694240666,1
0.5555546414289365,0.33333313359140004,0.4285721553763578,0.33333360644555765,1.0,0.0,0.6249998334743252,0.7999990694240666,1
0.5555546414289365,0.33333313359140004,0.4285721553763578,0.33333360644555765,1.0,0.3333338305600513,0.6249998334743252,0.7999990694240666,1
0.5555546414289365,0.33333313359140004,0.4285721553763578,0.33333360644555765,1.0,0.6666661694399487,0.6249998334743252,0.7999990694240666,1
0.5555546414289365,0.33333313359140004,0.4285721553763578,0.33333360644555765,1.0,1.0,0.6249998334743252,0.7999990694240666,1
0.47222106324025886,0.4166665667957,0.5714293709139936,0.33333360644555765,1.0,0.0,0.6249998334743252,0.7999990694240666,2
0.47222106324025886,0.4166665667957,0.5714293709139936,0.33333360644555765,1.0,0.3333338305600513,0.6249998334743252,0.7999990694240666,2
0.47222106324025886,0.4166665667957,0.5714293709139936,0.33333360644555765,1.0,0.6666661694399487,0.6249998334743252,0.7999990694240666,2
0.47222106324025886,0.4166665667957,0.5714293709139936,0.33333360644555765,1.0,1.0,0.6249998334743252,0.7999990694240666,2
0.38888780826063574,0.5000000000000001,1.0,0.11111024625573379,1.0,0.0,0.6249998334743252,0.7999990694240666,2
0.38888780826063574,0.5000000000000001,1.0,0.11111024625573379,1.0,0.3333338305600513,0.6249998334743252,0.7999990694240666,2
0.38888780826063574,0.5000000000000001,1.0,0.11111024625573379,1.0,0.6666661694399487,0.6249998334743252,0.7999990694240666,2
0.38888780826063574,0.5000000000000001,1.0,0.11111024625573379,1.0,1.0,0.6249998334743252,0.7999990694240666,2
0.3333322559698181,0.5833334332043002,0.0,0.9999999999999998,0.0,0.0,0.6249998334743252,0.7999990694240666,0
0.3333322559698181,0.5833334332043002,0.0,0.9999999999999998,0.0,0.3333338305600513,0.6249998334743252,0.7999990694240666,0
0.3333322559698181,0.5833334332043002,0.0,0.9999999999999998,0.0,0.6666661694399487,0.6249998334743252,0.7999990694240666,0
0.3333322559698181,0.5833334332043002,0.0,0.9999999999999998,0.0,1.0,0.6249998334743252,0.7999990694240666,0
0.24999897160755366,0.6666665667957001,0.14285823306453665,0.9999999999999998,0.0,0.0,0.6249998334743252,0.7999990694240666,0
0.24999897160755366,0.6666665667957001,0.14285823306453665,0.9999999999999998,0.0,0.3333338305600513,0.6249998334743252,0.7999990694240666,0
0.24999897160755366,0.6666665667957001,0.14285823306453665,0.9999999999999998,0.0,0.6666661694399487,0.6249998334743252,0.7999990694240666,0
0.24999897160755366,0.6666665667957001,0.14285823306453665,0.9999999999999998,0.0,1.0,0.6249998334743252,0.7999990694240666,0
0.19444344869937732,0.7500000000000001,0.285714939838722,0.9999999999999998,0.0,0.0,0.6249998334743252,0.7999990694240666,0
0.19444344869937732,0.7500000000000001,0.285714939838722,0.9999999999999998,0.0,0.3333338305600513,0.6249998334743252,0.7999990694240666,0
0.19444344869937732,0.7500000000000001,0.285714939838722,0.9999999999999998,0.0,0.6666661694399487,0.6249998334743252,0.7999990694240666,0
0.19444344869937732,0.7500000000000001,0.285714939838722,0.9999999999999998,0.0,1.0,0.6249998334743252,0.7999990694240666,0
0.11110987051069965,0.8333334332043002,0.4285721553763578,0.9999999999999998,0.0,0.0,0.6249998334743252,0.7999990694240666,0
0.11110987051069965,0.8333334332043002,0.4285721553763578,0.9999999999999998,0.0,0.3333338305600513,0.6249998334743252,0.7999990694240666,0
0.11110987051069965,0.8333334332043002,0.4285721553763578,0.9999999999999998,0.0,0.6666661694399487,0.6249998334743252,0.7999990694240666,0
0.11110987051069965,0.8333334332043002,0.4285721553763578,0.9999999999999998,0.0,1.0,0.6249998334743252,0.7999990694240666,0
0.05555375994969686,0.9166656679569998,0.5714293709139936,0.9999999999999998,0.0,0.0,0.6249998334743252,0.7999990694240666,0
0.05555375994969686,0.9166656679569998,0.5714293709139936,0.9999999999999998,0.0,0.3333338305600513,0.6249998334743252,0.7999990694240666,0
0.05555375994969686,0.9166656679569998,0.5714293709139936,0.9999999999999998,0.0,0.6666661694399487,0.6249998334743252,0.7999990694240666,0
0.05555375994969686,0.9166656679569998,0.5714293709139936,0.9999999999999998,0.0,1.0,0.6249998334743252,0.7999990694240666,0
0.0,1.0,0.714286077688179,0.9999999999999998,0.0,0.0,0.6249998334743252,0.7999990694240666,0
0.0,1.0,0.714286077688179,0.9999999999999998,0.0,0.3333338305600513,0.6249998334743252,0.7999990694240666,0
0.0,1.0,0.714286077688179,0.9999999999999998,0.0,0.6666661694399487,0.6249998334743252,0.7999990694240666,0
0.0,1.0,0.714286077688179,0.9999999999999998,0.0,1.0,0.6249998334743252,0.7999990694240666,0
0.9999999999999999,0.0,0.285714939838722,0.0,1.0,0.0,0.6249998334743252,1.0,1
0.9999999999999999,0.0,0.285714939838722,0.0,1.0,0.3333338305600513,0.6249998334743252,1.0,1
0.9999999999999999,0.0,0.285714939838722,0.0,1.0,0.6666661694399487,0.6249998334743252,1.0,1
0.9999999999999999,0.0,0.285714939838722,0.0,1.0,1.0,0.6249998334743252,1.0,1
0.7777761454088153,0.1666656679569996,0.4285721553763578,0.11111024625573379,1.0,0.0,0.6249998334743252,1.0,1
0.7777761454088153,0.1666656679569996,0.4285721553763578,0.11111024625573379,1.0,0.3333338305600513,0.6249998334743252,1.0,1
0.7777761454088153,0.1666656679569996,0.4285721553763578,0.11111024625573379,1.0,0.6666661694399487,0.6249998334743252,1.0,2
0.7777761454088153,0.1666656679569996,0.4285721553763578,0.11111024625573379,1.0,1.0,0.6249998334743252,1.0,2
0.6666656872452892,0.24999970038709995,0.285714939838722,0.33333360644555765,1.0,0.0,0.6249998334743252,1.0,1
0.6666656872452892,0.24999970038709995,0.285714939838722,0.33333360644555765,1.0,0.3333338305600513,0.6249998334743252,1.0,1
0.6666656872452892,0.24999970038709995,0.285714939838722,0.33333360644555765,1.0,0.6666661694399487,0.6249998334743252,1.0,2
0.6666656872452892,0.24999970038709995,0.285714939838722,0.33333360644555765,1.0,1.0,0.6249998334743252,1.0,2
0.5555546414289365,0.33333313359140004,0.4285721553763578,0.33333360644555765,1.0,0.0,0.6249998334743252,1.0,1
0.5555546414289365,0.33333313359140004,0.4285721553763578,0.33333360644555765,1.0,0.3333338305600513,0.6249998334743252,1.0,1
0.5555546414289365,0.33333313359140004,0.4285721553763578,0.33333360644555765,1.0,0.6666661694399487,0.6249998334743252,1.0,1
0.5555546414289365,0.33333313359140004,0.4285721553763578,0.33333360644555765,1.0,1.0,0.6249998334743252,1.0,1
0.47222106324025886,0.4166665667957,0.5714293709139936,0.33333360644555765,1.0,0.0,0.6249998334743252,1.0,2
0.47222106324025886,0.4166665667957,0.5714293709139936,0.33333360644555765,1.0,0.3333338305600513,0.6249998334743252,1.0,2
0.47222106324025886,0.4166665667957,0.5714293709139936,0.33333360644555765,1.0,0.6666661694399487,0.6249998334743252,1.0,2
0.47222106324025886,0.4166665667957,0.5714293709139936,0.33333360644555765,1.0,1.0,0.6249998334743252,1.0,2
0.38888780826063574,0.5000000000000001,1.0,0.11111024625573379,1.0,0.0,0.6249998334743252,1.0,2
0.38888780826063574,0.5000000000000001,1.0,0.11111024625573379,1.0,0.3333338305600513,0.6249998334743252,1.0,2
0.38888780826063574,0.5000000000000001,1.0,0.11111024625573379,1.0,0.6666661694399487,0.6249998334743252,1.0,2
0.38888780826063574,0.5000000000000001,1.0,0.11111024625573379,1.0,1.0,0.6249998334743252,1.0,2
0.3333322559698181,0.5833334332043002,0.0,0.9999999999999998,0.0,0.0,0.6249998334743252,1.0,0
0.3333322559698181,0.5833334332043002,0.0,0.9999999999999998,0.0,0.3333338305600513,0.6249998334743252,1.0,0
0.3333322559698181,0.5833334332043002,0.0,0.9999999999999998,0.0,0.6666661694399487,0.6249998334743252,1.0,0
0.3333322559698181,0.5833334332043002,0.0,0.9999999999999998,0.0,1.0,0.6249998334743252,1.0,0
0.24999897160755366,0.6666665667957001,0.14285823306453665,0.9999999999999998,0.0,0.0,0.6249998334743252,1.0,0
0.24999897160755366,0.6666665667957001,0.14285823306453665,0.9999999999999998,0.0,0.3333338305600513,0.6249998334743252,1.0,0
0.24999897160755366,0.6666665667957001,0.14285823306453665,0.9999999999999998,0.0,0.6666661694399487,0.6249998334743252,1.0,0
0.24999897160755366,0.6666665667957001,0.14285823306453665,0.9999999999999998,0.0,1.0,0.6249998334743252,1.0,0
0.19444344869937732,0.7500000000000001,0.285714939838722,0.9999999999999998,0.0,0.0,0.6249998334743252,1.0,0
0.19444344869937732,0.7500000000000001,0.285714939838722,0.9999999999999998,0.0,0.3333338305600513,0.6249998334743252,1.0,0
0.19444344869937732,0.7500000000000001,0.285714939838722,0.9999999999999998,0.0,0.6666661694399487,0.6249998334743252,1.0,0
0.19444344869937732,0.7500000000000001,0.285714939838722,0.9999999999999998,0.0,1.0,0.6249998334743252,1.0,0
0.11110987051069965,0.8333334332043002,0.4285721553763578,0.9999999999999998,0.0,0.0,0.6249998334743252,1.0,0
0.11110987051069965,0.8333334332043002,0.4285721553763578,0.9999999999999998,0.0,0.3333338305600513,0.6249998334743252,1.0,0
0.11110987051069965,0.8333334332043002,0.4285721553763578,0.9999999999999998,0.0,0.6666661694399487,0.6249998334743252,1.0,0
0.11110987051069965,0.8333334332043002,0.4285721553763578,0.9999999999999998,0.0,1.0,0.6249998334743252,1.0,0
0.05555375994969686,0.9166656679569998,0.5714293709139936,0.9999999999999998,0.0,0.0,0.6249998334743252,1.0,0
0.05555375994969686,0.9166656679569998,0.5714293709139936,0.9999999999999998,0.0,0.3333338305600513,0.6249998334743252,1.0,0
0.05555375994969686,0.9166656679569998,0.5714293709139936,0.9999999999999998,0.0,0.6666661694399487,0.6249998334743252,1.0,0
0.05555375994969686,0.9166656679569998,0.5714293709139936,0.9999999999999998,0.0,1.0,0.6249998334743252,1.0,0
0.0,1.0,0.714286077688179,0.9999999999999998,0.0,0.0,0.6249998334743252,1.0,0
0.0,1.0,0.714286077688179,0.9999999999999998,0.0,0.3333338305600513,0.6249998334743252,1.0,0
0.0,1.0,0.714286077688179,0.9999999999999998,0.0,0.6666661694399487,0.6249998334743252,1.0,0
0.0,1.0,0.714286077688179,0.9999999999999998,0.0,1.0,0.6249998334743252,1.0,0
0.9999999999999999,0.0,0.285714939838722,0.0,1.0,0.0,1.0,0.19999937961604436,2
0.9999999999999999,0.0,0.285714939838722,0.0,1.0,0.3333338305600513,1.0,0.19999937961604436,2
0.9999999999999999,0.0,0.285714939838722,0.0,1.0,0.6666661694399487,1.0,0.19999937961604436,1
0.9999999999999999,0.0,0.285714939838722,0.0,1.0,1.0,1.0,0.19999937961604436,1
0.7777761454088153,0.1666656679569996,0.4285721553763578,0.11111024625573379,1.0,0.0,1.0,0.19999937961604436,2
0.7777761454088153,0.1666656679569996,0.4285721553763578,0.11111024625573379,1.0,0.3333338305600513,1.0,0.19999937961604436,2
0.7777761454088153,0.1666656679569996,0.4285721553763578,0.11111024625573379,1.0,0.6666661694399487,1.0,0.19999937961604436,2
0.7777761454088153,0.1666656679569996,0.4285721553763578,0.11111024625573379,1.0,1.0,1.0,0.19999937961604436,2
0.6666656872452892,0.24999970038709995,0.285714939838722,0.33333360644555765,1.0,0.0,1.0,0.19999937961604436,2
0.6666656872452892,0.24999970038709995,0.285714939838722,0.33333360644555765,1.0,0.3333338305600513,1.0,0.19999937961604436,1
0.6666656872452892,0.24999970038709995,0.285714939838722,0.33333360644555765,1.0,0.6666661694399487,1.0,0.19999937961604436,1
0.6666656872452892,0.24999970038709995,0.285714939838722,0.33333360644555765,1.0,1.0,1.0,0.19999937961604436,2
0.5555546414289365,0.33333313359140004,0.4285721553763578,0.33333360644555765,1.0,0.0,1.0,0.19999937961604436,1
0.5555546414289365,0.33333313359140004,0.4285721553763578,0.33333360644555765,1.0,0.3333338305600513,1.0,0.19999937961604436,1
0.5555546414289365,0.33333313359140004,0.4285721553763578,0.33333360644555765,1.0,0.6666661694399487,1.0,0.19999937961604436,1
0.5555546414289365,0.33333313359140004,0.4285721553763578,0.33333360644555765,1.0,1.0,1.0,0.19999937961604436,2
0.47222106324025886,0.4166665667957,0.5714293709139936,0.33333360644555765,1.0,0.0,1.0,0.19999937961604436,2
0.47222106324025886,0.4166665667957,0.5714293709139936,0.33333360644555765,1.0,0.3333338305600513,1.0,0.19999937961604436,2
0.47222106324025886,0.4166665667957,0.5714293709139936,0.33333360644555765,1.0,0.6666661694399487,1.0,0.19999937961604436,2
0.47222106324025886,0.4166665667957,0.5714293709139936,0.33333360644555765,1.0,1.0,1.0,0.19999937961604436,2
0.38888780826063574,0.5000000000000001,1.0,0.11111024625573379,1.0,0.0,1.0,0.19999937961604436,2
0.38888780826063574,0.5000000000000001,1.0,0.11111024625573379,1.0,0.3333338305600513,1.0,0.19999937961604436,2
0.38888780826063574,0.5000000000000001,1.0,0.11111024625573379,1.0,0.6666661694399487,1.0,0.19999937961604436,2
0.38888780826063574,0.5000000000000001,1.0,0.11111024625573379,1.0,1.0,1.0,0.19999937961604436,2
0.3333322559698181,0.5833334332043002,0.0,0.9999999999999998,0.0,0.0,1.0,0.19999937961604436,0
0.3333322559698181,0.5833334332043002,0.0,0.9999999999999998,0.0,0.3333338305600513,1.0,0.19999937961604436,0
0.3333322559698181,0.5833334332043002,0.0,0.9999999999999998,0.0,0.6666661694399487,1.0,0.19999937961604436,0
0.3333322559698181,0.5833334332043002,0.0,0.9999999999999998,0.0,1.0,1.0,0.19999937961604436,0
0.24999897160755366,0.6666665667957001,0.14285823306453665,0.9999999999999998,0.0,0.0,1.0,0.19999937961604436,0
0.24999897160755366,0.6666665667957001,0.14285823306453665,0.9999999999999998,0.0,0.3333338305600513,1.0,0.19999937961604436,0
0.24999897160755366,0.6666665667957001,0.14285823306453665,0.9999999999999998,0.0,0.6666661694399487,1.0,0.19999937961604436,0
0.24999897160755366,0.6666665667957001,0.14285823306453665,0.9999999999999998,0.0,1.0,1.0,0.19999937961604436,0
0.19444344869937732,0.7500000000000001,0.285714939838722,0.9999999999999998,0.0,0.0,1.0,0.19999937961604436,0
0.19444344869937732,0.7500000000000001,0.285714939838722,0.9999999999999998,0.0,0.3333338305600513,1.0,0.19999937961604436,0
0.19444344869937732,0.7500000000000001,0.285714939838722,0.9999999999999998,0.0,0.6666661694399487,1.0,0.19999937961604436,0
0.19444344869937732,0.7500000000000001,0.285714939838722,0.9999999999999998,0.0,1.0,1.0,0.19999937961604436,0
0.11110987051069965,0.8333334332043002,0.4285721553763578,0.9999999999999998,0.0,0.0,1.0,0.19999937961604436,0
0.11110987051069965,0.8333334332043002,0.4285721553763578,0.9999999999999998,0.0,0.3333338305600513,1.0,0.19999937961604436,0
0.11110987051069965,0.8333334332043002,0.4285721553763578,0.9999999999999998,0.0,0.6666661694399487,1.0,0.19999937961604436,0
0.11110987051069965,0.8333334332043002,0.4285721553763578,0.9999999999999998,0.0,1.0,1.0,0.19999937961604436,0
0.05555375994969686,0.9166656679569998,0.5714293709139936,0.9999999999999998,0.0,0.0,1.0,0.19999937961604436,1
0.05555375994969686,0.9166656679569998,0.5714293709139936,0.9999999999999998,0.0,0.3333338305600513,1.0,0.19999937961604436,1
0.05555375994969686,0.9166656679569998,0.5714293709139936,0.9999999999999998,0.0,0.6666661694399487,1.0,0.19999937961604436,1
0.05555375994969686,0.9166656679569998,0.5714293709139936,0.9999999999999998,0.0,1.0,1.0,0.19999937961604436,1
0.0,1.0,0.714286077688179,0.9999999999999998,0.0,0.0,1.0,0.19999937961604436,0
0.0,1.0,0.714286077688179,0.9999999999999998,0.0,0.3333338305600513,1.0,0.19999937961604436,0
0.0,1.0,0.714286077688179,0.9999999999999998,0.0,0.6666661694399487,1.0,0.19999937961604436,0
0.0,1.0,0.714286077688179,0.9999999999999998,0.0,1.0,1.0,0.19999937961604436,0
0.9999999999999999,0.0,0.285714939838722,0.0,1.0,0.0,1.0,0.3999990694240666,1
0.9999999999999999,0.0,0.285714939838722,0.0,1.0,0.3333338305600513,1.0,0.3999990694240666,1
0.9999999999999999,0.0,0.285714939838722,0.0,1.0,0.6666661694399487,1.0,0.3999990694240666,2
0.9999999999999999,0.0,0.285714939838722,0.0,1.0,1.0,1.0,0.3999990694240666,2
0.7777761454088153,0.1666656679569996,0.4285721553763578,0.11111024625573379,1.0,0.0,1.0,0.3999990694240666,2
0.7777761454088153,0.1666656679569996,0.4285721553763578,0.11111024625573379,1.0,0.3333338305600513,1.0,0.3999990694240666,2
0.7777761454088153,0.1666656679569996,0.4285721553763578,0.11111024625573379,1.0,0.6666661694399487,1.0,0.3999990694240666,2
0.7777761454088153,0.1666656679569996,0.4285721553763578,0.11111024625573379,1.0,1.0,1.0,0.3999990694240666,2
0.6666656872452892,0.24999970038709995,0.285714939838722,0.33333360644555765,1.0,0.0,1.0,0.3999990694240666,2
0.6666656872452892,0.24999970038709995,0.285714939838722,0.33333360644555765,1.0,0.3333338305600513,1.0,0.3999990694240666,1
0.6666656872452892,0.24999970038709995,0.285714939838722,0.33333360644555765,1.0,0.6666661694399487,1.0,0.3999990694240666,1
0.6666656872452892,0.24999970038709995,0.285714939838722,0.33333360644555765,1.0,1.0,1.0,0.3999990694240666,2
0.5555546414289365,0.33333313359140004,0.4285721553763578,0.33333360644555765,1.0,0.0,1.0,0.3999990694240666,1
0.5555546414289365,0.33333313359140004,0.4285721553763578,0.33333360644555765,1.0,0.3333338305600513,1.0,0.3999990694240666,1
0.5555546414289365,0.33333313359140004,0.4285721553763578,0.33333360644555765,1.0,0.6666661694399487,1.0,0.3999990694240666,1
0.5555546414289365,0.33333313359140004,0.4285721553763578,0.33333360644555765,1.0,1.0,1.0,0.3999990694240666,1
0.47222106324025886,0.4166665667957,0.5714293709139936,0.33333360644555765,1.0,0.0,1.0,0.3999990694240666,2
0.47222106324025886,0.4166665667957,0.5714293709139936,0.33333360644555765,1.0,0.3333338305600513,1.0,0.3999990694240666,2
0.47222106324025886,0.4166665667957,0.5714293709139936,0.33333360644555765,1.0,0.6666661694399487,1.0,0.3999990694240666,2
0.47222106324025886,0.4166665667957,0.5714293709139936,0.33333360644555765,1.0,1.0,1.0,0.3999990694240666,2
0.38888780826063574,0.5000000000000001,1.0,0.11111024625573379,1.0,0.0,1.0,0.3999990694240666,2
0.38888780826063574,0.5000000000000001,1.0,0.11111024625573379,1.0,0.3333338305600513,1.0,0.3999990694240666,2
0.38888780826063574,0.5000000000000001,1.0,0.11111024625573379,1.0,0.6666661694399487,1.0,0.3999990694240666,2
0.38888780826063574,0.5000000000000001,1.0,0.11111024625573379,1.0,1.0,1.0,0.3999990694240666,2
0.3333322559698181,0.5833334332043002,0.0,0.9999999999999998,0.0,0.0,1.0,0.3999990694240666,0
0.3333322559698181,0.5833334332043002,0.0,0.9999999999999998,0.0,0.3333338305600513,1.0,0.3999990694240666,0
0.3333322559698181,0.5833334332043002,0.0,0.9999999999999998,0.0,0.6666661694399487,1.0,0.3999990694240666,0
0.3333322559698181,0.5833334332043002,0.0,0.9999999999999998,0.0,1.0,1.0,0.3999990694240666,0
0.24999897160755366,0.6666665667957001,0.14285823306453665,0.9999999999999998,0.0,0.0,1.0,0.3999990694240666,0
0.24999897160755366,0.6666665667957001,0.14285823306453665,0.9999999999999998,0.0,0.3333338305600513,1.0,0.3999990694240666,0
0.24999897160755366,0.6666665667957001,0.14285823306453665,0.9999999999999998,0.0,0.6666661694399487,1.0,0.3999990694240666,0
0.24999897160755366,0.6666665667957001,0.14285823306453665,0.9999999999999998,0.0,1.0,1.0,0.3999990694240666,0
0.19444344869937732,0.7500000000000001,0.285714939838722,0.9999999999999998,0.0,0.0,1.0,0.3999990694240666,0
0.19444344869937732,0.7500000000000001,0.285714939838722,0.9999999999999998,0.0,0.3333338305600513,1.0,0.3999990694240666,0
0.19444344869937732,0.7500000000000001,0.285714939838722,0.9999999999999998,0.0,0.6666661694399487,1.0,0.3999990694240666,0
0.19444344869937732,0.7500000000000001,0.285714939838722,0.9999999999999998,0.0,1.0,1.0,0.3999990694240666,0
0.11110987051069965,0.8333334332043002,0.4285721553763578,0.9999999999999998,0.0,0.0,1.0,0.3999990694240666,0
0.11110987051069965,0.8333334332043002,0.4285721553763578,0.9999999999999998,0.0,0.3333338305600513,1.0,0.3999990694240666,0
0.11110987051069965,0.8333334332043002,0.4285721553763578,0.9999999999999998,0.0,0.6666661694399487,1.0,0.3999990694240666,0
0.11110987051069965,0.8333334332043002,0.4285721553763578,0.9999999999999998,0.0,1.0,1.0,0.3999990694240666,0
0.05555375994969686,0.9166656679569998,0.5714293709139936,0.9999999999999998,0.0,0.0,1.0,0.3999990694240666,0
0.05555375994969686,0.9166656679569998,0.5714293709139936,0.9999999999999998,0.0,0.3333338305600513,1.0,0.3999990694240666,1
0.05555375994969686,0.9166656679569998,0.5714293709139936,0.9999999999999998,0.0,0.6666661694399487,1.0,0.3999990694240666,1
0.05555375994969686,0.9166656679569998,0.5714293709139936,0.9999999999999998,0.0,1.0,1.0,0.3999990694240666,0
0.0,1.0,0.714286077688179,0.9999999999999998,0.0,0.0,1.0,0.3999990694240666,0
0.0,1.0,0.714286077688179,0.9999999999999998,0.0,0.3333338305600513,1.0,0.3999990694240666,0
0.0,1.0,0.714286077688179,0.9999999999999998,0.0,0.6666661694399487,1.0,0.3999990694240666,0
0.0,1.0,0.714286077688179,0.9999999999999998,0.0,1.0,1.0,0.3999990694240666,0
0.9999999999999999,0.0,0.285714939838722,0.0,1.0,0.0,1.0,0.5999990694240666,1
0.9999999999999999,0.0,0.285714939838722,0.0,1.0,0.3333338305600513,1.0,0.5999990694240666,2
0.9999999999999999,0.0,0.285714939838722,0.0,1.0,0.6666661694399487,1.0,0.5999990694240666,2
0.9999999999999999,0.0,0.285714939838722,0.0,1.0,1.0,1.0,0.5999990694240666,2
0.7777761454088153,0.1666656679569996,0.4285721553763578,0.11111024625573379,1.0,0.0,1.0,0.5999990694240666,2
0.7777761454088153,0.1666656679569996,0.4285721553763578,0.11111024625573379,1.0,0.3333338305600513,1.0,0.5999990694240666,2
0.7777761454088153,0.1666656679569996,0.4285721553763578,0.11111024625573379,1.0,0.6666661694399487,1.0,0.5999990694240666,2
0.7777761454088153,0.1666656679569996,0.4285721553763578,0.11111024625573379,1.0,1.0,1.0,0.5999990694240666,2
0.6666656872452892,0.24999970038709995,0.285714939838722,0.33333360644555765,1.0,0.0,1.0,0.5999990694240666,2
0.6666656872452892,0.24999970038709995,0.285714939838722,0.33333360644555765,1.0,0.3333338305600513,1.0,0.5999990694240666,2
0.6666656872452892,0.24999970038709995,0.285714939838722,0.33333360644555765,1.0,0.6666661694399487,1.0,0.5999990694240666,1
0.6666656872452892,0.24999970038709995,0.285714939838722,0.33333360644555765,1.0,1.0,1.0,0.5999990694240666,1
0.5555546414289365,0.33333313359140004,0.4285721553763578,0.33333360644555765,1.0,0.0,1.0,0.5999990694240666,1
0.5555546414289365,0.33333313359140004,0.4285721553763578,0.33333360644555765,1.0,0.3333338305600513,1.0,0.5999990694240666,1
0.5555546414289365,0.33333313359140004,0.4285721553763578,0.33333360644555765,1.0,0.6666661694399487,1.0,0.5999990694240666,1
0.5555546414289365,0.33333313359140004,0.4285721553763578,0.33333360644555765,1.0,1.0,1.0,0.5999990694240666,1
0.47222106324025886,0.4166665667957,0.5714293709139936,0.33333360644555765,1.0,0.0,1.0,0.5999990694240666,2
0.47222106324025886,0.4166665667957,0.5714293709139936,0.33333360644555765,1.0,0.3333338305600513,1.0,0.5999990694240666,2
0.47222106324025886,0.4166665667957,0.5714293709139936,0.33333360644555765,1.0,0.6666661694399487,1.0,0.5999990694240666,2
0.47222106324025886,0.4166665667957,0.5714293709139936,0.33333360644555765,1.0,1.0,1.0,0.5999990694240666,2
0.38888780826063574,0.5000000000000001,1.0,0.11111024625573379,1.0,0.0,1.0,0.5999990694240666,2
0.38888780826063574,0.5000000000000001,1.0,0.11111024625573379,1.0,0.3333338305600513,1.0,0.5999990694240666,2
0.38888780826063574,0.5000000000000001,1.0,0.11111024625573379,1.0,0.6666661694399487,1.0,0.5999990694240666,2
0.38888780826063574,0.5000000000000001,1.0,0.11111024625573379,1.0,1.0,1.0,0.5999990694240666,2
0.3333322559698181,0.5833334332043002,0.0,0.9999999999999998,0.0,0.0,1.0,0.5999990694240666,0
0.3333322559698181,0.5833334332043002,0.0,0.9999999999999998,0.0,0.3333338305600513,1.0,0.5999990694240666,0
0.3333322559698181,0.5833334332043002,0.0,0.9999999999999998,0.0,0.6666661694399487,1.0,0.5999990694240666,0
0.3333322559698181,0.5833334332043002,0.0,0.9999999999999998,0.0,1.0,1.0,0.5999990694240666,0
0.24999897160755366,0.6666665667957001,0.14285823306453665,0.9999999999999998,0.0,0.0,1.0,0.5999990694240666,0
0.24999897160755366,0.6666665667957001,0.14285823306453665,0.9999999999999998,0.0,0.3333338305600513,1.0,0.5999990694240666,0
0.24999897160755366,0.6666665667957001,0.14285823306453665,0.9999999999999998,0.0,0.6666661694399487,1.0,0.5999990694240666,0
0.24999897160755366,0.6666665667957001,0.14285823306453665,0.9999999999999998,0.0,1.0,1.0,0.5999990694240666,0
0.19444344869937732,0.7500000000000001,0.285714939838722,0.9999999999999998,0.0,0.0,1.0,0.5999990694240666,0
0.19444344869937732,0.7500000000000001,0.285714939838722,0.9999999999999998,0.0,0.3333338305600513,1.0,0.5999990694240666,0
0.19444344869937732,0.7500000000000001,0.285714939838722,0.9999999999999998,0.0,0.6666661694399487,1.0,0.5999990694240666,0
0.19444344869937732,0.7500000000000001,0.285714939838722,0.9999999999999998,0.0,1.0,1.0,0.5999990694240666,0
0.11110987051069965,0.8333334332043002,0.4285721553763578,0.9999999999999998,0.0,0.0,1.0,0.5999990694240666,0
0.11110987051069965,0.8333334332043002,0.4285721553763578,0.9999999999999998,0.0,0.3333338305600513,1.0,0.5999990694240666,0
0.11110987051069965,0.8333334332043002,0.4285721553763578,0.9999999999999998,0.0,0.6666661694399487,1.0,0.5999990694240666,0
0.11110987051069965,0.8333334332043002,0.4285721553763578,0.9999999999999998,0.0,1.0,1.0,0.5999990694240666,0
0.05555375994969686,0.9166656679569998,0.5714293709139936,0.9999999999999998,0.0,0.0,1.0,0.5999990694240666,0
0.05555375994969686,0.9166656679569998,0.5714293709139936,0.9999999999999998,0.0,0.3333338305600513,1.0,0.5999990694240666,0
0.05555375994969686,0.9166656679569998,0.5714293709139936,0.9999999999999998,0.0,0.6666661694399487,1.0,0.5999990694240666,0
0.05555375994969686,0.9166656679569998,0.5714293709139936,0.9999999999999998,0.0,1.0,1.0,0.5999990694240666,0
0.0,1.0,0.714286077688179,0.9999999999999998,0.0,0.0,1.0,0.5999990694240666,0
0.0,1.0,0.714286077688179,0.9999999999999998,0.0,0.3333338305600513,1.0,0.5999990694240666,0
0.0,1.0,0.714286077688179,0.9999999999999998,0.0,0.6666661694399487,1.0,0.5999990694240666,0
0.0,1.0,0.714286077688179,0.9999999999999998,0.0,1.0,1.0,0.5999990694240666,0
0.9999999999999999,0.0,0.285714939838722,0.0,1.0,0.0,1.0,0.7999990694240666,1
0.9999999999999999,0.0,0.285714939838722,0.0,1.0,0.3333338305600513,1.0,0.7999990694240666,1
0.9999999999999999,0.0,0.285714939838722,0.0,1.0,0.6666661694399487,1.0,0.7999990694240666,2
0.9999999999999999,0.0,0.285714939838722,0.0,1.0,1.0,1.0,0.7999990694240666,2
0.7777761454088153,0.1666656679569996,0.4285721553763578,0.11111024625573379,1.0,0.0,1.0,0.7999990694240666,2
0.7777761454088153,0.1666656679569996,0.4285721553763578,0.11111024625573379,1.0,0.3333338305600513,1.0,0.7999990694240666,2
0.7777761454088153,0.1666656679569996,0.4285721553763578,0.11111024625573379,1.0,0.6666661694399487,1.0,0.7999990694240666,2
0.7777761454088153,0.1666656679569996,0.4285721553763578,0.11111024625573379,1.0,1.0,1.0,0.7999990694240666,2
0.6666656872452892,0.24999970038709995,0.285714939838722,0.33333360644555765,1.0,0.0,1.0,0.7999990694240666,1
0.6666656872452892,0.24999970038709995,0.285714939838722,0.33333360644555765,1.0,0.3333338305600513,1.0,0.7999990694240666,2
0.6666656872452892,0.24999970038709995,0.285714939838722,0.33333360644555765,1.0,0.6666661694399487,1.0,0.7999990694240666,2
0.6666656872452892,0.24999970038709995,0.285714939838722,0.33333360644555765,1.0,1.0,1.0,0.7999990694240666,1
0.5555546414289365,0.33333313359140004,0.4285721553763578,0.33333360644555765,1.0,0.0,1.0,0.7999990694240666,1
0.5555546414289365,0.33333313359140004,0.4285721553763578,0.33333360644555765,1.0,0.3333338305600513,1.0,0.7999990694240666,1
0.5555546414289365,0.33333313359140004,0.4285721553763578,0.33333360644555765,1.0,0.6666661694399487,1.0,0.7999990694240666,1
0.5555546414289365,0.33333313359140004,0.4285721553763578,0.33333360644555765,1.0,1.0,1.0,0.7999990694240666,1
0.47222106324025886,0.4166665667957,0.5714293709139936,0.33333360644555765,1.0,0.0,1.0,0.7999990694240666,2
0.47222106324025886,0.4166665667957,0.5714293709139936,0.33333360644555765,1.0,0.3333338305600513,1.0,0.7999990694240666,2
0.47222106324025886,0.4166665667957,0.5714293709139936,0.33333360644555765,1.0,0.6666661694399487,1.0,0.7999990694240666,2
0.47222106324025886,0.4166665667957,0.5714293709139936,0.33333360644555765,1.0,1.0,1.0,0.7999990694240666,2
0.38888780826063574,0.5000000000000001,1.0,0.11111024625573379,1.0,0.0,1.0,0.7999990694240666,2
0.38888780826063574,0.5000000000000001,1.0,0.11111024625573379,1.0,0.3333338305600513,1.0,0.7999990694240666,2
0.38888780826063574,0.5000000000000001,1.0,0.11111024625573379,1.0,0.6666661694399487,1.0,0.7999990694240666,2
0.38888780826063574,0.5000000000000001,1.0,0.11111024625573379,1.0,1.0,1.0,0.7999990694240666,2
0.3333322559698181,0.5833334332043002,0.0,0.9999999999999998,0.0,0.0,1.0,0.7999990694240666,0
0.3333322559698181,0.5833334332043002,0.0,0.9999999999999998,0.0,0.3333338305600513,1.0,0.7999990694240666,0
0.3333322559698181,0.5833334332043002,0.0,0.9999999999999998,0.0,0.6666661694399487,1.0,0.7999990694240666,0
0.3333322559698181,0.5833334332043002,0.0,0.9999999999999998,0.0,1.0,1.0,0.7999990694240666,0
0.24999897160755366,0.6666665667957001,0.14285823306453665,0.9999999999999998,0.0,0.0,1.0,0.7999990694240666,0
0.24999897160755366,0.6666665667957001,0.14285823306453665,0.9999999999999998,0.0,0.3333338305600513,1.0,0.7999990694240666,0
0.24999897160755366,0.6666665667957001,0.14285823306453665,0.9999999999999998,0.0,0.6666661694399487,1.0,0.7999990694240666,0
0.24999897160755366,0.6666665667957001,0.14285823306453665,0.9999999999999998,0.0,1.0,1.0,0.7999990694240666,0
0.19444344869937732,0.7500000000000001,0.285714939838722,0.9999999999999998,0.0,0.0,1.0,0.7999990694240666,0
0.19444344869937732,0.7500000000000001,0.285714939838722,0.9999999999999998,0.0,0.3333338305600513,1.0,0.7999990694240666,0
0.19444344869937732,0.7500000000000001,0.285714939838722,0.9999999999999998,0.0,0.6666661694399487,1.0,0.7999990694240666,0
0.19444344869937732,0.7500000000000001,0.285714939838722,0.9999999999999998,0.0,1.0,1.0,0.7999990694240666,0
0.11110987051069965,0.8333334332043002,0.4285721553763578,0.9999999999999998,0.0,0.0,1.0,0.7999990694240666,0
0.11110987051069965,0.8333334332043002,0.4285721553763578,0.9999999999999998,0.0,0.3333338305600513,1.0,0.7999990694240666,0
0.11110987051069965,0.8333334332043002,0.4285721553763578,0.9999999999999998,0.0,0.6666661694399487,1.0,0.7999990694240666,0
0.11110987051069965,0.8333334332043002,0.4285721553763578,0.9999999999999998,0.0,1.0,1.0,0.7999990694240666,0
0.05555375994969686,0.9166656679569998,0.5714293709139936,0.9999999999999998,0.0,0.0,1.0,0.7999990694240666,0
0.05555375994969686,0.9166656679569998,0.5714293709139936,0.9999999999999998,0.0,0.3333338305600513,1.0,0.7999990694240666,0
0.05555375994969686,0.9166656679569998,0.5714293709139936,0.9999999999999998,0.0,0.6666661694399487,1.0,0.7999990694240666,1
0.05555375994969686,0.9166656679569998,0.5714293709139936,0.9999999999999998,0.0,1.0,1.0,0.7999990694240666,1
0.0,1.0,0.714286077688179,0.9999999999999998,0.0,0.0,1.0,0.7999990694240666,0
0.0,1.0,0.714286077688179,0.9999999999999998,0.0,0.3333338305600513,1.0,0.7999990694240666,0
0.0,1.0,0.714286077688179,0.9999999999999998,0.0,0.6666661694399487,1.0,0.7999990694240666,0
0.0,1.0,0.714286077688179,0.9999999999999998,0.0,1.0,1.0,0.7999990694240666,0
0.9999999999999999,0.0,0.285714939838722,0.0,1.0,0.0,1.0,1.0,1
0.9999999999999999,0.0,0.285714939838722,0.0,1.0,0.3333338305600513,1.0,1.0,2
0.9999999999999999,0.0,0.285714939838722,0.0,1.0,0.6666661694399487,1.0,1.0,2
0.9999999999999999,0.0,0.285714939838722,0.0,1.0,1.0,1.0,1.0,2
0.7777761454088153,0.1666656679569996,0.4285721553763578,0.11111024625573379,1.0,0.0,1.0,1.0,2
0.7777761454088153,0.1666656679569996,0.4285721553763578,0.11111024625573379,1.0,0.3333338305600513,1.0,1.0,1
0.7777761454088153,0.1666656679569996,0.4285721553763578,0.11111024625573379,1.0,0.6666661694399487,1.0,1.0,2
0.7777761454088153,0.1666656679569996,0.4285721553763578,0.11111024625573379,1.0,1.0,1.0,1.0,2
0.6666656872452892,0.24999970038709995,0.285714939838722,0.33333360644555765,1.0,0.0,1.0,1.0,1
0.6666656872452892,0.24999970038709995,0.285714939838722,0.33333360644555765,1.0,0.3333338305600513,1.0,1.0,1
0.6666656872452892,0.24999970038709995,0.285714939838722,0.33333360644555765,1.0,0.6666661694399487,1.0,1.0,2
0.6666656872452892,0.24999970038709995,0.285714939838722,0.33333360644555765,1.0,1.0,1.0,1.0,2
0.5555546414289365,0.33333313359140004,0.4285721553763578,0.33333360644555765,1.0,0.0,1.0,1.0,1
0.5555546414289365,0.33333313359140004,0.4285721553763578,0.33333360644555765,1.0,0.3333338305600513,1.0,1.0,1
0.5555546414289365,0.33333313359140004,0.4285721553763578,0.33333360644555765,1.0,0.6666661694399487,1.0,1.0,2
0.5555546414289365,0.33333313359140004,0.4285721553763578,0.33333360644555765,1.0,1.0,1.0,1.0,1
0.47222106324025886,0.4166665667957,0.5714293709139936,0.33333360644555765,1.0,0.0,1.0,1.0,2
0.47222106324025886,0.4166665667957,0.5714293709139936,0.33333360644555765,1.0,0.3333338305600513,1.0,1.0,2
0.47222106324025886,0.4166665667957,0.5714293709139936,0.33333360644555765,1.0,0.6666661694399487,1.0,1.0,2
0.47222106324025886,0.4166665667957,0.5714293709139936,0.33333360644555765,1.0,1.0,1.0,1.0,2
0.38888780826063574,0.5000000000000001,1.0,0.11111024625573379,1.0,0.0,1.0,1.0,2
0.38888780826063574,0.5000000000000001,1.0,0.11111024625573379,1.0,0.3333338305600513,1.0,1.0,2
0.38888780826063574,0.5000000000000001,1.0,0.11111024625573379,1.0,0.6666661694399487,1.0,1.0,2
0.38888780826063574,0.5000000000000001,1.0,0.11111024625573379,1.0,1.0,1.0,1.0,2
0.3333322559698181,0.5833334332043002,0.0,0.9999999999999998,0.0,0.0,1.0,1.0,0
0.3333322559698181,0.5833334332043002,0.0,0.9999999999999998,0.0,0.3333338305600513,1.0,1.0,0
0.3333322559698181,0.5833334332043002,0.0,0.9999999999999998,0.0,0.6666661694399487,1.0,1.0,0
0.3333322559698181,0.5833334332043002,0.0,0.9999999999999998,0.0,1.0,1.0,1.0,0
0.24999897160755366,0.6666665667957001,0.14285823306453665,0.9999999999999998,0.0,0.0,1.0,1.0,0
0.24999897160755366,0.6666665667957001,0.14285823306453665,0.9999999999999998,0.0,0.3333338305600513,1.0,1.0,0
0.24999897160755366,0.6666665667957001,0.14285823306453665,0.9999999999999998,0.0,0.6666661694399487,1.0,1.0,0
0.24999897160755366,0.6666665667957001,0.14285823306453665,0.9999999999999998,0.0,1.0,1.0,1.0,0
0.19444344869937732,0.7500000000000001,0.285714939838722,0.9999999999999998,0.0,0.0,1.0,1.0,0
0.19444344869937732,0.7500000000000001,0.285714939838722,0.9999999999999998,0.0,0.3333338305600513,1.0,1.0,0
0.19444344869937732,0.7500000000000001,0.285714939838722,0.9999999999999998,0.0,0.6666661694399487,1.0,1.0,0
0.19444344869937732,0.7500000000000001,0.285714939838722,0.9999999999999998,0.0,1.0,1.0,1.0,0
0.11110987051069965,0.8333334332043002,0.4285721553763578,0.9999999999999998,0.0,0.0,1.0,1.0,0
0.11110987051069965,0.8333334332043002,0.4285721553763578,0.9999999999999998,0.0,0.3333338305600513,1.0,1.0,0
0.11110987051069965,0.8333334332043002,0.4285721553763578,0.9999999999999998,0.0,0.6666661694399487,1.0,1.0,0
0.11110987051069965,0.8333334332043002,0.4285721553763578,0.9999999999999998,0.0,1.0,1.0,1.0,0
0.05555375994969686,0.9166656679569998,0.5714293709139936,0.9999999999999998,0.0,0.0,1.0,1.0,0
0.05555375994969686,0.9166656679569998,0.5714293709139936,0.9999999999999998,0.0,0.3333338305600513,1.0,1.0,0
0.05555375994969686,0.9166656679569998,0.5714293709139936,0.9999999999999998,0.0,0.6666661694399487,1.0,1.0,0
0.05555375994969686,0.9166656679569998,0.5714293709139936,0.9999999999999998,0.0,1.0,1.0,1.0,0
0.0,1.0,0.714286077688179,0.9999999999999998,0.0,0.0,1.0,1.0,0
0.0,1.0,0.714286077688179,0.9999999999999998,0.0,0.3333338305600513,1.0,1.0,0
0.0,1.0,0.714286077688179,0.9999999999999998,0.0,0.6666661694399487,1.0,1.0,0
0.0,1.0,0.714286077688179,0.9999999999999998,0.0,1.0,1.0,1.0,0
